h,m,s,RA,d,arc m,arc s,DEC,F90,h,m,s,d,arc m,arc s,F140,T,"B(V,T)",M
12,40,46.54,190.1939167,-41,26,14.3,-40.56269444,5.8572,12,40,46.54,-41,26,14.3,11.85,17.49118522,4.06923E-16,1.65925E+27
12,40,46.06,190.1919167,-41,26,28.2,-40.55883333,5.9064,12,40,46.06,-41,26,28.2,11.513,17.69324509,4.35256E-16,1.50712E+27
12,40,45.54,190.18975,-41,26,39.5,-40.55569444,5.8466,12,40,45.54,-41,26,39.5,11.453,17.66609485,4.31376E-16,1.51275E+27
12,40,44.79,190.186625,-41,26,52.1,-40.55219444,5.7547,12,40,44.79,-41,26,52.1,11.767,17.43433719,3.99178E-16,1.67959E+27
12,40,45.3,190.18875,-41,26,8.9,-40.56419444,5.8402,12,40,45.3,-41,26,8.9,11.665,17.56031207,4.16474E-16,1.59588E+27
12,40,44.78,190.1865833,-41,26,20.2,-40.56105556,5.8502,12,40,44.78,-41,26,20.2,11.486,17.65372038,4.29615E-16,1.52333E+27
12,40,44.3,190.1845833,-41,26,32.3,-40.55769444,5.7845,12,40,44.3,-41,26,32.3,11.583,17.5466426,4.14574E-16,1.59193E+27
12,40,44.86,190.1869167,-41,25,46.4,-40.57044444,5.8521,12,40,44.86,-41,25,46.4,11.901,17.46350293,4.03139E-16,1.68203E+27
12,40,44.18,190.1840833,-41,26,1.3,-40.56630556,5.7737,12,40,44.18,-41,26,0.8,11.715,17.47562956,4.04794E-16,1.64897E+27
12,40,43.58,190.1815833,-41,26,12.1,-40.56330556,5.7536,12,40,43.58,-41,26,12.1,11.763,17.43513084,3.99285E-16,1.67857E+27
12,40,43.94,190.1830833,-41,25,37.4,-40.57294444,5.7138,12,40,43.9,-41,25,37.4,11.942,17.31835634,3.83682E-16,1.77341E+27
12,40,43.3,190.1804167,-41,25,52.7,-40.56869444,5.4954,12,40,43.26,-41,25,53.2,11.91,17.12948778,3.59315E-16,1.8886E+27
12,40,45.21,190.188375,-41,24,37.1,-40.58969444,6.1669,12,40,45.21,-41,24,37.1,11.9,17.74888004,4.4328E-16,1.52958E+27
12,40,44.81,190.1867083,-41,24,48.8,-40.58644444,6.344,12,40,44.81,-41,24,48.3,11.899,17.90722363,4.66648E-16,1.45287E+27
12,40,44.09,190.1837083,-41,25,3.2,-40.58244444,6.2307,12,40,44.09,-41,25,3.7,11.925,17.79428049,4.49899E-16,1.51025E+27
12,40,43.45,190.1810417,-41,25,17.6,-40.57844444,5.9252,12,40,43.45,-41,25,17.6,11.921,17.52112787,4.11042E-16,1.65246E+27
12,40,42.82,190.1784167,-41,25,31.1,-40.57469444,5.5695,12,40,42.82,-41,25,30.7,11.917,17.19566574,3.67732E-16,1.84646E+27
12,40,42.18,190.17575,-41,25,41.9,-40.57169444,5.2841,12,40,42.18,-41,25,42.4,11.987,16.89765796,3.30852E-16,2.06434E+27
12,40,44.17,190.1840417,-41,24,16.4,-40.59544444,5.8093,12,40,44.13,-41,24,16.4,11.961,17.39757122,3.94222E-16,1.72875E+27
12,40,43.77,190.182375,-41,24,27.2,-40.59244444,6.0169,12,40,43.73,-41,24,27.7,11.507,17.798531,4.50522E-16,1.45529E+27
12,40,43.13,190.1797083,-41,24,43.4,-40.58794444,6.2046,12,40,43.13,-41,24,43.4,11.285,18.08196893,4.93358E-16,1.3033E+27
12,40,42.57,190.177375,-41,24,54.2,-40.58494444,6.2065,12,40,42.57,-41,24,54.2,11.253,18.10003174,4.96174E-16,1.29223E+27
12,40,42.01,190.1750417,-41,25,6.8,-40.58144444,6.0172,12,40,42.01,-41,25,7.3,11.35,17.87548972,4.61901E-16,1.40007E+27
12,40,41.53,190.1730417,-41,25,22.1,-40.57719444,5.847,12,40,41.53,-41,25,22.1,11.505,17.64170004,4.27908E-16,1.53193E+27
12,40,40.9,190.1704167,-41,25,36.6,-40.57316667,5.7237,12,40,40.86,-41,25,36.6,11.638,17.46436815,4.03257E-16,1.64438E+27
12,40,40.1,190.1670833,-41,25,51,-40.56916667,5.688,12,40,40.1,-41,25,51.4,11.71,17.39813831,3.94298E-16,1.69214E+27
12,40,39.46,190.1644167,-41,26,3.6,-40.56566667,5.8677,12,40,39.46,-41,26,3.1,11.771,17.53681975,4.13212E-16,1.6231E+27
12,40,38.98,190.1624167,-41,26,17.1,-40.56191667,6.073,12,40,38.94,-41,26,16.6,11.828,17.69776866,4.35905E-16,1.54605E+27
12,40,38.34,190.15975,-41,26,27,-40.55916667,6.1429,12,40,38.34,-41,26,27.4,11.832,17.75900709,4.44751E-16,1.51581E+27
12,40,37.62,190.15675,-41,26,43.2,-40.55466667,6.1578,12,40,37.66,-41,26,43.2,11.804,17.78556041,4.48623E-16,1.49917E+27
12,40,37.06,190.1544167,-41,26,54.9,-40.55141667,6.071,12,40,37.1,-41,26,54.9,11.8,17.70898922,4.37517E-16,1.53671E+27
12,40,36.5,190.1520833,-41,27,7.5,-40.54791667,5.9452,12,40,36.5,-41,27,7.5,11.805,17.59222816,4.20934E-16,1.59793E+27
12,40,35.94,190.14975,-41,27,21.9,-40.54391667,5.9484,12,40,35.98,-41,27,21,11.785,17.60436481,4.22638E-16,1.58879E+27
12,40,35.3,190.1470833,-41,27,37.2,-40.53966667,6.029,12,40,35.3,-41,27,37.2,11.793,17.67412763,4.32521E-16,1.55354E+27
12,40,34.74,190.14475,-41,27,48,-40.53666667,6.2834,12,40,34.7,-41,27,47.6,11.921,17.84306498,4.57084E-16,1.48601E+27
12,40,43.13,190.1797083,-41,24,7.4,-40.59794444,5.5954,12,40,43.17,-41,24,7.4,11.372,17.46678066,4.03586E-16,1.60548E+27
12,40,42.49,190.1770417,-41,24,20,-40.59444444,5.8199,12,40,42.45,-41,24,20,11.013,17.8575824,4.59237E-16,1.36639E+27
12,40,41.85,190.174375,-41,24,37.1,-40.58969444,6.046,12,40,41.85,-41,24,36.7,10.88,18.14328922,5.02962E-16,1.23253E+27
12,40,41.37,190.172375,-41,24,47.9,-40.58669444,6.092,12,40,41.37,-41,24,47.9,10.895,18.17917595,5.08639E-16,1.22046E+27
12,40,40.73,190.1697083,-41,25,1.5,-40.58291667,6.0419,12,40,40.69,-41,25,1.5,11.032,18.05963638,4.8989E-16,1.2831E+27
12,40,40.17,190.167375,-41,25,14.1,-40.57941667,6.0081,12,40,40.17,-41,25,13.6,11.249,17.91721044,4.68148E-16,1.3691E+27
12,40,39.62,190.1650833,-41,25,30.3,-40.57491667,6.013,12,40,39.58,-41,25,30.7,11.432,17.83133007,4.55349E-16,1.43048E+27
12,40,39.06,190.16275,-41,25,42,-40.57166667,6.0935,12,40,39.1,-41,25,41.5,11.466,17.88913468,4.63938E-16,1.40817E+27
12,40,38.42,190.1600833,-41,25,54.6,-40.56816667,6.2171,12,40,38.42,-41,25,54.6,11.365,18.05303974,4.88868E-16,1.32459E+27
12,40,37.78,190.1574167,-41,26,9.9,-40.56391667,6.3797,12,40,37.82,-41,26,10.3,11.26,18.25598542,5.20929E-16,1.23159E+27
12,40,37.38,190.15575,-41,26,22.5,-40.56041667,6.4939,12,40,37.34,-41,26,22.5,11.226,18.37821973,5.40882E-16,1.18257E+27
12,40,36.58,190.1524167,-41,26,36.9,-40.55641667,6.444,12,40,36.62,-41,26,37.4,11.283,18.30281043,5.28515E-16,1.21639E+27
12,40,36.02,190.1500833,-41,26,49.5,-40.55291667,6.1765,12,40,36.06,-41,26,50,11.413,17.99168931,4.79437E-16,1.35635E+27
12,40,35.46,190.14775,-41,27,2.1,-40.54941667,5.9356,12,40,35.42,-41,27,2.6,11.549,17.70318915,4.36683E-16,1.50689E+27
12,40,34.9,190.1454167,-41,27,15.6,-40.54566667,6.1152,12,40,34.9,-41,27,16.1,11.624,17.83243572,4.55512E-16,1.45398E+27
12,40,34.34,190.1430833,-41,27,28.2,-40.54216667,6.3303,12,40,34.34,-41,27,28.2,11.665,18.00735423,4.81834E-16,1.37941E+27
12,40,33.62,190.1400833,-41,27,43.5,-40.53791667,6.4964,12,40,33.66,-41,27,43.5,11.754,18.11206478,4.98056E-16,1.34466E+27
12,40,33.06,190.13775,-41,27,55.2,-40.53466667,6.5538,12,40,33.02,-41,27,55.2,11.952,18.06666573,4.9098E-16,1.38702E+27
12,40,42.96,190.179,-41,23,35,-40.60694444,6.2024,12,40,42.96,-41,23,35.5,11.735,17.85844289,4.59365E-16,1.45556E+27
12,40,42.41,190.1767083,-41,23,48.5,-40.60319444,5.9562,12,40,42.41,-41,23,49,11.321,17.83281362,4.55568E-16,1.41591E+27
12,40,41.85,190.174375,-41,24,2,-40.59944444,5.8217,12,40,41.85,-41,24,0.7,11.085,17.82292281,4.54109E-16,1.39085E+27
12,40,41.29,190.1720417,-41,24,13.7,-40.59619444,5.8465,12,40,41.29,-41,24,13.7,11.1,17.8390912,4.56496E-16,1.38545E+27
12,40,40.65,190.169375,-41,24,30,-40.59166667,5.909,12,40,40.65,-41,24,30,11.204,17.84639497,4.57577E-16,1.39512E+27
12,40,40.17,190.167375,-41,24,42.6,-40.58816667,5.9456,12,40,40.13,-41,24,42.6,11.276,17.845105,4.57386E-16,1.40468E+27
12,40,39.45,190.164375,-41,24,56.1,-40.58441667,6.0409,12,40,39.45,-41,24,55.2,11.363,17.89112268,4.64235E-16,1.39463E+27
12,40,38.97,190.162375,-41,25,8.7,-40.58091667,6.1564,12,40,38.93,-41,25,9.1,11.501,17.92977239,4.7004E-16,1.39414E+27
12,40,38.41,190.1600417,-41,25,21.3,-40.57741667,6.2632,12,40,38.41,-41,25,21.3,11.581,17.98786648,4.78853E-16,1.378E+27
12,40,37.7,190.1570833,-41,25,34.8,-40.57366667,6.4085,12,40,37.7,-41,25,35.2,11.458,18.18071017,5.08882E-16,1.28291E+27
12,40,37.22,190.1550833,-41,25,47.4,-40.57016667,6.4282,12,40,37.22,-41,25,47.8,11.153,18.35664797,5.37325E-16,1.18266E+27
12,40,36.58,190.1524167,-41,26,2.7,-40.56591667,6.3465,12,40,36.58,-41,26,2.7,10.898,18.41796811,5.47475E-16,1.13419E+27
12,40,36.18,190.15075,-41,26,15.3,-40.56241667,6.3478,12,40,36.18,-41,26,14.9,10.856,18.44219882,5.5152E-16,1.12154E+27
12,40,35.46,190.14775,-41,26,29.7,-40.55841667,6.295,12,40,35.5,-41,26,30.2,10.977,18.32694522,5.32453E-16,1.17465E+27
12,40,34.9,190.1454167,-41,26,44.1,-40.55441667,6.0397,12,40,34.9,-41,26,43.7,11.146,17.99893257,4.80544E-16,1.32157E+27
12,40,34.18,190.1424167,-41,26,57.6,-40.55066667,5.9148,12,40,34.22,-41,26,58.1,11.284,17.81218702,4.52528E-16,1.42077E+27
12,40,33.54,190.13975,-41,27,12.9,-40.54641667,6.2979,12,40,33.54,-41,27,13.4,11.37,18.12463924,5.00028E-16,1.2956E+27
12,40,32.98,190.1374167,-41,27,25.5,-40.54291667,6.6002,12,40,32.98,-41,27,25.1,11.426,18.36979582,5.39491E-16,1.20674E+27
12,40,32.58,190.13575,-41,27,39,-40.53916667,6.5908,12,40,32.54,-41,27,39,11.49,18.32838402,5.32688E-16,1.229E+27
12,40,31.94,190.1330833,-41,27,49.8,-40.53616667,6.3099,12,40,31.98,-41,27,49.8,11.595,18.02324661,4.84273E-16,1.36422E+27
12,40,31.22,190.1300833,-41,28,4.2,-40.53216667,5.7971,12,40,31.22,-41,28,4.7,11.798,17.45948904,4.02592E-16,1.66973E+27
12,40,42.48,190.177,-41,23,15.2,-40.61244444,6.3658,12,40,42.48,-41,23,14.8,11.768,17.98917511,4.79053E-16,1.39966E+27
12,40,42,190.175,-41,23,27.8,-40.60894444,6.4747,12,40,42,-41,23,27.8,11.416,18.26196272,5.21893E-16,1.24634E+27
12,40,41.28,190.172,-41,23,43.1,-40.60469444,6.3451,12,40,41.28,-41,23,43.1,11.159,18.27689532,5.24307E-16,1.21267E+27
12,40,40.73,190.1697083,-41,23,54.9,-40.60141667,6.0389,12,40,40.77,-41,23,54.9,11.145,17.99868964,4.80507E-16,1.32155E+27
12,40,40.17,190.167375,-41,24,8.4,-40.59766667,5.8065,12,40,40.13,-41,24,7.9,11.408,17.64998226,4.29083E-16,1.51486E+27
12,40,39.45,190.164375,-41,24,22.8,-40.59366667,5.7244,12,40,39.41,-41,24,22.3,11.753,17.41256119,3.96237E-16,1.69004E+27
12,40,38.97,190.162375,-41,24,38.1,-40.58941667,5.8629,12,40,38.97,-41,24,38.5,11.963,17.44558495,4.00703E-16,1.70107E+27
12,40,37.29,190.155375,-41,25,17.7,-40.57841667,6.4676,12,40,37.33,-41,25,18.1,12.012,17.96277448,4.75033E-16,1.44077E+27
12,40,36.65,190.1527083,-41,25,30.3,-40.57491667,6.694,12,40,36.65,-41,25,30.3,11.712,18.30719194,5.29228E-16,1.26093E+27
12,40,36.1,190.1504167,-41,25,42.9,-40.57141667,6.6164,12,40,36.14,-41,25,42.9,11.242,18.4810912,5.58053E-16,1.14782E+27
12,40,35.54,190.1480833,-41,25,57.3,-40.56741667,6.2351,12,40,35.5,-41,25,56.9,10.892,18.31641858,5.30733E-16,1.16933E+27
12,40,34.9,190.1454167,-41,26,9.9,-40.56391667,5.9764,12,40,34.9,-41,26,9.5,10.834,18.10098975,4.96324E-16,1.24374E+27
12,40,34.26,190.14275,-41,26,22.5,-40.56041667,5.9344,12,40,34.26,-41,26,22.5,10.95,17.99980116,4.80677E-16,1.29797E+27
12,40,33.7,190.1404167,-41,26,39.6,-40.55566667,5.9312,12,40,33.66,-41,26,39.2,11.065,17.93756666,4.71216E-16,1.33794E+27
12,40,32.98,190.1374167,-41,26,54,-40.55166667,6.0728,12,40,32.94,-41,26,53.6,11.11,18.04851857,4.88169E-16,1.29673E+27
12,40,32.34,190.13475,-41,27,9.3,-40.54741667,6.5296,12,40,32.34,-41,27,9.8,11.12,18.46735398,5.55739E-16,1.14009E+27
12,40,31.62,190.13175,-41,27,22.8,-40.54366667,6.7618,12,40,31.62,-41,27,22.8,11.141,18.66728068,5.90017E-16,1.07588E+27
12,40,31.22,190.1300833,-41,27,33.6,-40.54066667,6.5057,12,40,31.22,-41,27,33.6,11.178,18.41443946,5.46888E-16,1.16458E+27
12,40,30.58,190.1274167,-41,27,44.5,-40.53763889,6.1287,12,40,30.62,-41,27,44.9,11.233,18.03796705,4.8654E-16,1.31547E+27
12,40,30.1,190.1254167,-41,27,58.9,-40.53363889,5.8213,12,40,30.14,-41,27,58.9,11.361,17.68653346,4.34295E-16,1.49052E+27
12,40,29.3,190.1220833,-41,28,13.3,-40.52963889,5.6962,12,40,29.3,-41,28,13.3,11.622,17.44597806,4.00756E-16,1.65236E+27
12,40,28.82,190.1200833,-41,28,21.4,-40.52738889,5.8743,12,40,28.86,-41,28,21.4,11.977,17.44971306,4.01263E-16,1.70068E+27
12,40,40.8,190.17,-41,23,20.7,-40.61091667,6.2461,12,40,40.8,-41,23,21.1,11.559,17.98314201,4.78132E-16,1.37745E+27
12,40,40.08,190.167,-41,23,36,-40.60666667,6.1832,12,40,40.08,-41,23,36.4,11.285,18.06217232,4.90283E-16,1.31147E+27
12,40,39.53,190.1647083,-41,23,47.7,-40.60341667,5.9318,12,40,39.57,-41,23,47.7,11.273,17.83361669,4.55687E-16,1.40954E+27
12,40,38.81,190.1617083,-41,24,1.2,-40.59966667,5.6662,12,40,38.85,-41,24,1.2,11.554,17.44911607,4.01182E-16,1.64095E+27
12,40,38.33,190.1597083,-41,24,13.8,-40.59616667,5.525,12,40,38.33,-41,24,13.8,11.978,17.12783356,3.59107E-16,1.90049E+27
12,40,35.21,190.1467083,-41,25,22.2,-40.57716667,6.6232,12,40,35.21,-41,25,23.6,11.922,18.14168706,5.02709E-16,1.35125E+27
12,40,34.89,190.145375,-41,25,35.7,-40.57341667,6.6704,12,40,34.85,-41,25,35.7,11.411,18.44047843,5.51232E-16,1.17949E+27
12,40,34.18,190.1424167,-41,25,50.1,-40.56941667,6.3115,12,40,34.14,-41,25,50.1,11.045,18.3060036,5.29035E-16,1.18956E+27
12,40,33.62,190.1400833,-41,26,4.5,-40.56541667,5.9452,12,40,33.66,-41,26,4.1,10.954,18.00806401,4.81942E-16,1.29504E+27
12,40,33.14,190.1380833,-41,26,16.2,-40.56216667,5.861,12,40,33.14,-41,26,16.7,11.006,17.9006132,4.65656E-16,1.34669E+27
12,40,32.58,190.13575,-41,26,28.8,-40.55866667,5.9577,12,40,32.54,-41,26,29.3,11.029,17.9812326,4.77841E-16,1.31509E+27
12,40,31.62,190.13175,-41,26,46.8,-40.55366667,6.1532,12,40,31.62,-41,26,46.4,10.976,18.19419768,5.11027E-16,1.22378E+27
12,40,30.98,190.1290833,-41,27,3.1,-40.54913889,6.532,12,40,30.98,-41,27,3.1,10.901,18.58936422,5.76501E-16,1.07739E+27
12,40,30.5,190.1270833,-41,27,14.8,-40.54588889,6.7421,12,40,30.54,-41,27,15.2,10.868,18.80208077,6.13877E-16,1.00872E+27
12,40,30.02,190.1250833,-41,27,26.5,-40.54263889,6.4717,12,40,29.98,-41,27,26.9,10.88,18.5449349,5.68884E-16,1.08971E+27
12,40,29.38,190.1224167,-41,27,39.1,-40.53913889,6.1424,12,40,29.38,-41,27,37.7,10.937,18.20467355,5.12697E-16,1.21546E+27
12,40,28.82,190.1200833,-41,27,50.8,-40.53588889,6.0074,12,40,28.78,-41,27,50.8,11.08,18.00221091,4.81046E-16,1.31237E+27
12,40,28.34,190.1180833,-41,28,2.5,-40.53263889,5.9425,12,40,28.34,-41,28,2.9,11.351,17.80524412,4.51507E-16,1.43243E+27
12,40,27.7,190.1154167,-41,28,17.8,-40.52838889,5.9898,12,40,27.7,-41,28,17.3,11.706,17.67895962,4.33212E-16,1.53962E+27
12,40,39.36,190.164,-41,23,17.1,-40.61191667,5.6283,12,40,39.4,-41,23,16.6,11.858,17.27626932,3.7816E-16,1.78666E+27
12,40,38.88,190.162,-41,23,27.9,-40.60891667,5.5143,12,40,38.88,-41,23,27.4,11.455,17.35049051,3.87935E-16,1.68245E+27
12,40,38.25,190.159375,-41,23,41.4,-40.60516667,5.5208,12,40,38.29,-41,23,41.8,11.338,17.41114451,3.96047E-16,1.63115E+27
12,40,37.69,190.1570417,-41,23,57.6,-40.60066667,5.5055,12,40,37.73,-41,23,57.6,11.518,17.31316897,3.82999E-16,1.7135E+27
12,40,37.21,190.1550417,-41,24,9.3,-40.59741667,5.4936,12,40,37.17,-41,24,8.8,11.891,17.13602257,3.60141E-16,1.88127E+27
12,40,34.01,190.1417083,-41,25,15.9,-40.57891667,6.1006,12,40,33.97,-41,25,16.4,11.937,17.6723154,4.32263E-16,1.57345E+27
12,40,33.53,190.1397083,-41,25,30.3,-40.57491667,6.4377,12,40,33.53,-41,25,30.3,11.511,18.18031107,5.08819E-16,1.289E+27
12,40,33.13,190.1380417,-41,25,42.9,-40.57141667,6.3534,12,40,33.09,-41,25,42.5,11.188,18.2693491,5.23086E-16,1.21866E+27
12,40,32.5,190.1354167,-41,25,55.5,-40.56791667,6.0855,12,40,32.46,-41,25,55.5,11.049,18.0920266,4.94925E-16,1.272E+27
12,40,31.7,190.1320833,-41,26,11.7,-40.56341667,5.9352,12,40,31.7,-41,26,11.3,11.002,17.97367632,4.7669E-16,1.31504E+27
12,40,31.3,190.1304167,-41,26,22.5,-40.56041667,5.9222,12,40,31.3,-41,26,23,10.934,17.99641596,4.80159E-16,1.29747E+27
12,40,30.74,190.1280833,-41,26,36.1,-40.55663889,5.9915,12,40,30.7,-41,26,36.5,10.819,18.12348675,4.99847E-16,1.23326E+27
12,40,30.1,190.1254167,-41,26,51.4,-40.55238889,6.1976,12,40,30.1,-41,26,51.4,10.71,18.38031454,5.41228E-16,1.12749E+27
12,40,29.46,190.12275,-41,27,4.9,-40.54863889,6.3994,12,40,29.46,-41,27,4.9,10.657,18.60227811,5.78727E-16,1.04922E+27
12,40,28.9,190.1204167,-41,27,17.5,-40.54513889,6.3191,12,40,28.9,-41,27,18.4,10.674,18.51633961,5.64016E-16,1.0783E+27
12,40,28.42,190.1184167,-41,27,32.8,-40.54088889,6.1522,12,40,28.38,-41,27,32.3,10.776,18.30067146,5.28167E-16,1.1625E+27
12,40,27.7,190.1154167,-41,27,44.5,-40.53763889,6.0562,12,40,27.74,-41,27,44.5,10.996,18.09192326,4.94908E-16,1.26594E+27
12,40,27.22,190.1134167,-41,27,57.1,-40.53413889,5.9636,12,40,27.22,-41,27,57.5,11.348,17.82645304,4.54629E-16,1.42222E+27
12,40,26.66,190.1110833,-41,28,11.5,-40.53013889,6.0337,12,40,26.66,-41,28,11,11.76,17.69377675,4.35332E-16,1.53919E+27
12,40,37.68,190.157,-41,23,20.7,-40.61091667,5.1977,12,40,37.68,-41,23,20.7,11.518,17.01582478,3.45163E-16,1.90133E+27
12,40,37.21,190.1550417,-41,23,35.1,-40.60691667,5.3479,12,40,37.17,-41,23,35.1,11.321,17.25137965,3.74919E-16,1.72049E+27
12,40,36.57,190.152375,-41,23,47.7,-40.60341667,5.5811,12,40,36.57,-41,23,48.2,11.408,17.43622041,3.99433E-16,1.62731E+27
12,40,35.93,190.1497083,-41,24,3,-40.59916667,5.8057,12,40,35.93,-41,24,3,11.705,17.50988526,4.09492E-16,1.62866E+27
12,40,32.81,190.1367083,-41,25,12.3,-40.57991667,5.5449,12,40,32.77,-41,25,11.9,11.849,17.2023903,3.68594E-16,1.83163E+27
12,40,32.33,190.1347083,-41,25,23.1,-40.57691667,5.9473,12,40,32.33,-41,25,22.7,11.526,17.72500419,4.39825E-16,1.49315E+27
12,40,31.77,190.132375,-41,25,36.6,-40.57316667,6.1244,12,40,31.73,-41,25,36.6,11.247,18.02685763,4.84829E-16,1.32176E+27
12,40,31.21,190.1300417,-41,25,50.1,-40.56941667,6.0015,12,40,31.21,-41,25,49.7,11.059,18.00741191,4.81842E-16,1.30772E+27
12,40,30.65,190.1277083,-41,26,1.9,-40.56613889,5.8193,12,40,30.65,-41,26,1.9,10.928,17.90045589,4.65633E-16,1.33722E+27
12,40,30.1,190.1254167,-41,26,18.1,-40.56163889,5.7306,12,40,30.06,-41,26,18.5,10.801,17.87984778,4.62551E-16,1.33048E+27
12,40,29.46,190.12275,-41,26,30.7,-40.55813889,5.7217,12,40,29.46,-41,26,30.7,10.672,17.93871205,4.71389E-16,1.28994E+27
12,40,28.82,190.1200833,-41,26,44.2,-40.55438889,5.8186,12,40,28.82,-41,26,44.2,10.573,18.08735994,4.94197E-16,1.219E+27
12,40,28.34,190.1180833,-41,26,58.6,-40.55038889,5.9901,12,40,28.3,-41,26,58.1,10.533,18.2778237,5.24458E-16,1.14432E+27
12,40,27.86,190.1160833,-41,27,11.2,-40.54688889,6.0689,12,40,27.82,-41,27,10.7,10.573,18.33236974,5.3334E-16,1.12953E+27
12,40,27.22,190.1134167,-41,27,24.7,-40.54313889,6.0544,12,40,27.22,-41,27,24.7,10.721,18.23680623,5.17842E-16,1.17962E+27
12,40,26.58,190.11075,-41,27,40.9,-40.53863889,5.9592,12,40,26.58,-41,27,41.3,11.008,17.99347979,4.7971E-16,1.30748E+27
12,40,26.02,190.1084167,-41,27,50.8,-40.53588889,5.8223,12,40,26.02,-41,27,50.8,11.434,17.65239215,4.29426E-16,1.5171E+27
12,40,25.46,190.1060833,-41,28,4.3,-40.53213889,5.9072,12,40,25.46,-41,28,3.8,11.907,17.51107618,4.09656E-16,1.6561E+27
12,40,36.64,190.1526667,-41,23,14.4,-40.61266667,5.4026,12,40,36.64,-41,23,14.9,11.537,17.20595222,3.69052E-16,1.78119E+27
12,40,35.92,190.1496667,-41,23,27.9,-40.60891667,5.5842,12,40,35.96,-41,23,27.9,11.398,17.44386299,4.00469E-16,1.62168E+27
12,40,35.21,190.1467083,-41,23,45.9,-40.60391667,5.8341,12,40,35.21,-41,23,45.5,11.486,17.63866539,4.27478E-16,1.53094E+27
12,40,34.81,190.1450417,-41,23,56.7,-40.60091667,6.042,12,40,34.85,-41,23,57.2,11.736,17.71256748,4.38032E-16,1.52658E+27
12,40,31.85,190.1327083,-41,25,4.2,-40.58216667,5.3515,12,40,31.89,-41,25,4.2,11.85,17.01960403,3.45628E-16,1.9535E+27
12,40,31.21,190.1300417,-41,25,17.7,-40.57841667,5.6552,12,40,31.25,-41,25,17.7,11.567,17.43274477,3.98962E-16,1.65194E+27
12,40,30.73,190.1280417,-41,25,30.4,-40.57488889,5.9849,12,40,30.73,-41,25,30.4,11.309,17.86560911,4.6043E-16,1.39948E+27
12,40,30.09,190.125375,-41,25,44.8,-40.57088889,6.0095,12,40,30.13,-41,25,44.3,11.107,17.99036791,4.79235E-16,1.32054E+27
12,40,29.53,190.1230417,-41,25,56.5,-40.56763889,5.7902,12,40,29.49,-41,25,56,10.956,17.85799023,4.59297E-16,1.35913E+27
12,40,28.89,190.120375,-41,26,10.9,-40.56363889,5.6013,12,40,28.89,-41,26,10.9,10.837,17.73438221,4.4118E-16,1.39958E+27
12,40,28.34,190.1180833,-41,26,25.3,-40.55963889,5.5869,12,40,28.34,-41,26,23.9,10.735,17.77243993,4.46707E-16,1.36925E+27
12,40,27.62,190.1150833,-41,26,37,-40.55638889,5.6817,12,40,27.66,-41,26,37,10.65,17.91079935,4.67184E-16,1.29887E+27
12,40,27.14,190.1130833,-41,26,50.5,-40.55263889,5.8078,12,40,27.14,-41,26,50.5,10.601,18.06155408,4.90187E-16,1.23222E+27
12,40,26.42,190.1100833,-41,27,3.1,-40.54913889,5.8744,12,40,26.46,-41,27,3.5,10.635,18.10860604,4.97515E-16,1.21797E+27
12,40,26.02,190.1084167,-41,27,15.7,-40.54563889,5.8999,12,40,26.02,-41,27,15.2,10.795,18.04782228,4.88062E-16,1.26024E+27
12,40,25.3,190.1054167,-41,27,30.1,-40.54163889,5.8959,12,40,25.3,-41,27,30.1,11.094,17.88922607,4.63952E-16,1.36245E+27
12,40,24.66,190.10275,-41,27,44.5,-40.53763889,5.8354,12,40,24.66,-41,27,44.5,11.522,17.62281488,4.25237E-16,1.54384E+27
12,40,35.84,190.1493333,-41,22,56.4,-40.61766667,5.7455,12,40,35.8,-41,22,56,11.84,17.39292393,3.93598E-16,1.71397E+27
12,40,35.36,190.1473333,-41,23,9,-40.61416667,5.7744,12,40,35.36,-41,23,9,11.596,17.53115792,4.12428E-16,1.60201E+27
12,40,34.8,190.145,-41,23,21.6,-40.61066667,5.9567,12,40,34.8,-41,23,21.2,11.61,17.69374029,4.35327E-16,1.51957E+27
12,40,34.25,190.1427083,-41,23,35.1,-40.60691667,6.1278,12,40,34.25,-41,23,35.1,11.765,17.77682776,4.47347E-16,1.49848E+27
12,40,33.69,190.140375,-41,23,47.7,-40.60341667,6.2185,12,40,33.69,-41,23,48.6,11.986,17.75513593,4.44188E-16,1.53749E+27
12,40,30.81,190.128375,-41,24,56.2,-40.58438889,5.4382,12,40,30.81,-41,24,56.2,11.875,17.09086316,3.54463E-16,1.90883E+27
12,40,30.09,190.125375,-41,25,11.5,-40.58013889,5.7409,12,40,30.05,-41,25,11.9,11.621,17.48827861,4.06525E-16,1.62878E+27
12,40,29.37,190.122375,-41,25,25,-40.57638889,6.1275,12,40,29.41,-41,25,25,11.421,17.9426117,4.71978E-16,1.37875E+27
12,40,29.05,190.1210417,-41,25,36.7,-40.57313889,6.24,12,40,29.01,-41,25,36.7,11.273,18.12078885,4.99424E-16,1.2861E+27
12,40,28.33,190.1180417,-41,25,50.2,-40.56938889,5.9923,12,40,28.37,-41,25,49.7,11.176,17.93907458,4.71444E-16,1.35071E+27
12,40,27.61,190.1150417,-41,26,7.3,-40.56463889,5.693,12,40,27.57,-41,26,6.8,11.116,17.6838704,4.33914E-16,1.45965E+27
12,40,26.89,190.1120417,-41,26,21.7,-40.56063889,5.645,12,40,26.89,-41,26,21.2,11.055,17.66762144,4.31593E-16,1.45945E+27
12,40,26.41,190.1100417,-41,26,33.4,-40.55738889,5.6836,12,40,26.41,-41,26,33.4,10.963,17.75109646,4.43602E-16,1.40812E+27
12,40,25.85,190.1077083,-41,26,43.3,-40.55463889,5.6806,12,40,25.85,-41,26,43.7,10.875,17.79282872,4.49687E-16,1.37792E+27
12,40,25.21,190.1050417,-41,26,57.7,-40.55063889,5.6311,12,40,25.21,-41,26,57.7,10.882,17.74079745,4.42108E-16,1.40244E+27
12,40,24.65,190.1027083,-41,27,10.3,-40.54713889,5.6576,12,40,24.69,-41,27,11.2,11.038,17.68828287,4.34545E-16,1.4473E+27
12,40,24.01,190.1000417,-41,27,24.7,-40.54313889,5.7907,12,40,24.05,-41,27,25.1,11.332,17.67164858,4.32168E-16,1.49403E+27
12,40,23.45,190.0977083,-41,27,37.3,-40.53963889,5.8868,12,40,23.49,-41,27,37.3,11.726,17.57510341,4.18537E-16,1.59632E+27
12,40,34.8,190.145,-41,22,49.2,-40.61966667,5.929,12,40,34.76,-41,22,49.2,11.814,17.57329547,4.18284E-16,1.60927E+27
12,40,34.16,190.1423333,-41,23,0.9,-40.61641667,5.9961,12,40,34.2,-41,23,1.4,11.744,17.66696105,4.31499E-16,1.55075E+27
12,40,33.68,190.1403333,-41,23,13.5,-40.61291667,6.2661,12,40,33.72,-41,23,14,11.835,17.86814133,4.60807E-16,1.46337E+27
12,40,33.13,190.1380417,-41,23,27,-40.60916667,6.5023,12,40,33.17,-41,23,26.6,11.992,18.00258525,4.81103E-16,1.42023E+27
12,40,29.69,190.1237083,-41,24,47.2,-40.58688889,5.381,12,40,29.65,-41,24,47.6,11.786,17.07524291,3.52514E-16,1.905E+27
12,40,28.73,190.1197083,-41,25,3.4,-40.58238889,5.6692,12,40,28.73,-41,25,3.4,11.612,17.42522891,3.97946E-16,1.6626E+27
12,40,28.25,190.1177083,-41,25,17.8,-40.57838889,6.0664,12,40,28.25,-41,25,17.8,11.517,17.83933161,4.56532E-16,1.43738E+27
12,40,27.69,190.115375,-41,25,30.4,-40.57488889,6.2493,12,40,27.69,-41,25,30.4,11.453,18.03848635,4.8662E-16,1.34101E+27
12,40,27.05,190.1127083,-41,25,43,-40.57138889,6.0792,12,40,27.05,-41,25,43.4,11.419,17.89901014,4.65416E-16,1.39795E+27
12,40,26.49,190.110375,-41,26,0.1,-40.56663889,5.81,12,40,26.45,-41,26,0.1,11.401,17.65663266,4.30029E-16,1.5106E+27
12,40,26.01,190.108375,-41,26,9.1,-40.56413889,5.7088,12,40,25.97,-41,26,8.6,11.347,17.58677014,4.20169E-16,1.53873E+27
12,40,25.37,190.1057083,-41,26,21.7,-40.56063889,5.6288,12,40,25.37,-41,26,21.2,11.231,17.56597442,4.17263E-16,1.5336E+27
12,40,24.73,190.1030417,-41,26,36.1,-40.55663889,5.4525,12,40,24.73,-41,26,36.1,11.122,17.44731126,4.00937E-16,1.58056E+27
12,40,24.25,190.1010417,-41,26,48.7,-40.55313889,5.274,12,40,24.21,-41,26,49.1,11.132,17.26664275,3.76904E-16,1.68286E+27
12,40,23.53,190.0980417,-41,27,4,-40.54888889,5.2381,12,40,23.49,-41,27,4.4,11.306,17.1505796,3.61984E-16,1.77961E+27
12,40,23.05,190.0960417,-41,27,17.5,-40.54513889,5.3438,12,40,23.05,-41,27,17.5,11.616,17.1141642,3.57385E-16,1.85193E+27
12,40,28.73,190.1197083,-41,24,32.8,-40.59088889,5.221,12,40,28.73,-41,24,31.4,11.943,16.85600346,3.25905E-16,2.08798E+27
12,40,28.25,190.1177083,-41,24,44.5,-40.58763889,5.3588,12,40,28.25,-41,24,44,11.711,17.086758,3.5395E-16,1.88519E+27
12,40,27.69,190.115375,-41,24,57.1,-40.58413889,5.6764,12,40,27.73,-41,24,57.5,11.598,17.43842636,3.99732E-16,1.65318E+27
12,40,27.05,190.1127083,-41,25,12.4,-40.57988889,6.031,12,40,27.05,-41,25,11.9,11.578,17.7773784,4.47427E-16,1.4744E+27
12,40,26.33,190.1097083,-41,25,25.9,-40.57613889,6.1937,12,40,26.33,-41,25,26.8,11.578,17.92620695,4.69502E-16,1.40508E+27
12,40,25.85,190.1077083,-41,25,38.5,-40.57263889,6.0803,12,40,25.81,-41,25,38,11.585,17.81926442,4.5357E-16,1.45531E+27
12,40,25.21,190.1050417,-41,25,50.2,-40.56938889,5.8453,12,40,25.25,-41,25,49.7,11.573,17.6079996,4.23149E-16,1.55832E+27
12,40,24.65,190.1027083,-41,26,3.7,-40.56563889,5.6852,12,40,24.61,-41,26,3.2,11.492,17.4958634,4.07565E-16,1.60658E+27
12,40,24.09,190.100375,-41,26,18.1,-40.56163889,5.5364,12,40,24.05,-41,26,17.2,11.357,17.41724851,3.96869E-16,1.6305E+27
12,40,23.53,190.0980417,-41,26,29.8,-40.55838889,5.2698,12,40,23.53,-41,26,29.8,11.268,17.19922634,3.68188E-16,1.74374E+27
12,40,22.81,190.0950417,-41,26,43.3,-40.55463889,5.009,12,40,22.85,-41,26,43.3,11.318,16.91752988,3.3323E-16,1.93522E+27
12,40,22.33,190.0930417,-41,26,57.7,-40.55063889,4.8605,12,40,22.29,-41,26,57.2,11.523,16.67967953,3.05514E-16,2.14901E+27
12,40,21.77,190.0907083,-41,27,10.3,-40.54713889,4.8499,12,40,21.73,-41,27,9.8,11.858,16.53049417,2.88953E-16,2.33824E+27
12,40,27.53,190.1147083,-41,24,23.8,-40.59338889,5.2735,12,40,27.53,-41,24,23.3,11.962,16.89805741,3.309E-16,2.05974E+27
12,40,27.05,190.1127083,-41,24,36.4,-40.58988889,5.6908,12,40,27.05,-41,24,36.4,11.711,17.40029859,3.94588E-16,1.69104E+27
12,40,26.57,190.1107083,-41,24,50.8,-40.58588889,6.0846,12,40,26.57,-41,24,50.3,11.583,17.82416572,4.54292E-16,1.45275E+27
12,40,25.93,190.1080417,-41,25,3.4,-40.58238889,6.3033,12,40,25.97,-41,25,3.8,11.578,18.02564447,4.84642E-16,1.36118E+27
12,40,25.29,190.105375,-41,25,16.9,-40.57863889,6.3197,12,40,25.33,-41,25,17.3,11.624,18.0178568,4.83445E-16,1.36998E+27
12,40,24.65,190.1027083,-41,25,31.3,-40.57463889,6.162,12,40,24.65,-41,25,31.3,11.671,17.85247923,4.58479E-16,1.45042E+27
12,40,24.01,190.1000417,-41,25,44.8,-40.57088889,5.8675,12,40,24.05,-41,25,44.8,11.662,17.58697365,4.20197E-16,1.58134E+27
12,40,23.45,190.0977083,-41,25,55.6,-40.56788889,5.5978,12,40,23.45,-41,25,56,11.566,17.37898017,3.91731E-16,1.68229E+27
12,40,22.89,190.095375,-41,26,10,-40.56388889,5.412,12,40,22.89,-41,26,9.5,11.448,17.25534408,3.75434E-16,1.7374E+27
12,40,22.41,190.093375,-41,26,23.5,-40.56013889,5.1442,12,40,22.37,-41,26,23,11.417,17.00801187,3.44204E-16,1.88991E+27
12,40,21.77,190.0907083,-41,26,34.3,-40.55713889,4.9167,12,40,21.77,-41,26,34.7,11.528,16.73384963,3.11684E-16,2.10739E+27
12,40,20.97,190.087375,-41,26,48.7,-40.55313889,4.8424,12,40,20.97,-41,26,49.1,11.77,16.55883296,2.92051E-16,2.29627E+27
12,40,26.49,190.110375,-41,24,18.4,-40.59488889,5.3217,12,40,26.45,-41,24,18.4,11.948,16.94966049,3.371E-16,2.01949E+27
12,40,25.85,190.1077083,-41,24,29.2,-40.59188889,5.7977,12,40,25.85,-41,24,29.6,11.657,17.52458374,4.11519E-16,1.61399E+27
12,40,25.29,190.105375,-41,24,44.5,-40.58763889,6.1935,12,40,25.25,-41,24,44.5,11.474,17.97703838,4.77202E-16,1.36999E+27
12,40,24.65,190.1027083,-41,24,57.1,-40.58413889,6.3779,12,40,24.65,-41,24,57.5,11.441,18.16158482,5.05851E-16,1.28868E+27
12,40,23.93,190.0997083,-41,25,10.6,-40.58038889,6.337,12,40,23.97,-41,25,10.6,11.525,18.08237242,4.9342E-16,1.33085E+27
12,40,23.37,190.097375,-41,25,25.9,-40.57613889,6.1774,12,40,23.37,-41,25,25.4,11.636,17.88328209,4.63064E-16,1.43175E+27
12,40,22.89,190.095375,-41,25,37.6,-40.57288889,5.864,12,40,22.85,-41,25,37.1,11.67,17.58001745,4.19224E-16,1.5861E+27
12,40,22.25,190.0927083,-41,25,49.3,-40.56963889,5.4793,12,40,22.29,-41,25,49.3,11.613,17.24515633,3.74111E-16,1.76867E+27
12,40,21.69,190.090375,-41,26,4.6,-40.56538889,5.1967,12,40,21.69,-41,26,4.1,11.555,16.99857349,3.43048E-16,1.91919E+27
12,40,20.97,190.087375,-41,26,17.2,-40.56188889,4.9499,12,40,21.01,-41,26,16.7,11.595,16.7384427,3.12211E-16,2.11606E+27
12,40,20.33,190.0847083,-41,26,30.7,-40.55813889,4.8556,12,40,20.37,-41,26,30.2,11.769,16.57234773,2.93536E-16,2.28446E+27
12,40,25.29,190.105375,-41,24,9.4,-40.59738889,5.4155,12,40,25.29,-41,24,8.9,11.758,17.12021847,3.58147E-16,1.87058E+27
12,40,24.57,190.102375,-41,24,22,-40.59388889,5.7482,12,40,24.57,-41,24,22,11.452,17.57411946,4.184E-16,1.55953E+27
12,40,24.05,190.1002083,-41,24,37.3,-40.58963889,5.9701,12,40,24.05,-41,24,37.3,11.239,17.88653733,4.6355E-16,1.38145E+27
12,40,23.29,190.0970417,-41,24,52.1,-40.58552778,6.0442,12,40,23.29,-41,24,52.1,11.164,17.99399588,4.79789E-16,1.32579E+27
12,40,22.73,190.0947083,-41,25,2.9,-40.58252778,5.9516,12,40,22.73,-41,25,2.9,11.255,17.86116888,4.5977E-16,1.39479E+27
12,40,22.17,190.092375,-41,25,16.9,-40.57863889,5.8353,12,40,22.17,-41,25,17.3,11.445,17.65933072,4.30412E-16,1.51508E+27
12,40,21.69,190.090375,-41,25,30.4,-40.57488889,5.6132,12,40,21.65,-41,25,30.8,11.578,17.38804745,3.92944E-16,1.67883E+27
12,40,21.21,190.088375,-41,25,42.1,-40.57163889,5.2798,12,40,21.17,-41,25,42.5,11.616,17.05247462,3.49685E-16,1.89271E+27
12,40,20.49,190.085375,-41,25,56.5,-40.56763889,5.0461,12,40,20.53,-41,25,56.5,11.639,16.81478437,3.21058E-16,2.06555E+27
12,40,20.01,190.083375,-41,26,10.9,-40.56363889,4.8724,12,40,20.01,-41,26,10.4,11.742,16.60010294,2.96602E-16,2.25565E+27
12,40,19.53,190.081375,-41,26,22.6,-40.56038889,4.8469,12,40,19.49,-41,26,22.6,11.982,16.4778254,2.83255E-16,2.41022E+27
12,40,27.53,190.1147083,-41,22,39.4,-40.62238889,5.5285,12,40,27.53,-41,22,38.9,11.95,17.14315172,3.61043E-16,1.88588E+27
12,40,24.57,190.102375,-41,23,49.6,-40.60288889,5.3524,12,40,24.57,-41,23,49.1,11.739,17.06842499,3.51665E-16,1.90198E+27
12,40,24.09,190.100375,-41,24,2.2,-40.59938889,5.5775,12,40,24.09,-41,24,2.6,11.437,17.41925389,3.9714E-16,1.64087E+27
12,40,23.45,190.0977083,-41,24,17.5,-40.59513889,5.8055,12,40,23.45,-41,24,17,11.183,17.75857419,4.44688E-16,1.43287E+27
12,40,22.89,190.095375,-41,24,31.9,-40.59113889,5.9109,12,40,22.89,-41,24,31.4,10.988,17.95765519,4.74256E-16,1.32011E+27
12,40,22.33,190.0930417,-41,24,44.5,-40.58763889,5.8433,12,40,22.29,-41,24,44.5,10.884,17.94638997,4.7255E-16,1.31234E+27
12,40,21.69,190.090375,-41,24,56.2,-40.58438889,5.6558,12,40,21.69,-41,24,57.1,10.94,17.73561418,4.41358E-16,1.41231E+27
12,40,20.97,190.087375,-41,25,12.4,-40.57988889,5.4918,12,40,20.97,-41,25,12.4,11.148,17.47323445,4.04467E-16,1.57043E+27
12,40,20.49,190.085375,-41,25,25,-40.57638889,5.3041,12,40,20.49,-41,25,25,11.364,17.18887434,3.66862E-16,1.76495E+27
12,40,20.01,190.083375,-41,25,37.6,-40.57288889,5.0966,12,40,20.01,-41,25,37.1,11.496,16.92623384,3.34276E-16,1.95951E+27
12,40,19.37,190.0807083,-41,25,51.1,-40.56913889,4.9815,12,40,19.37,-41,25,51.5,11.589,16.77233512,3.16118E-16,2.08882E+27
12,40,18.81,190.078375,-41,26,5.5,-40.56513889,4.8336,12,40,18.81,-41,26,5.5,11.74,16.56236059,2.92438E-16,2.28738E+27
12,40,28.16,190.1173333,-41,21,54.4,-40.63488889,6.3581,12,40,28.16,-41,21,54.4,11.85,17.94299946,4.72037E-16,1.43037E+27
12,40,27.52,190.1146667,-41,22,9.7,-40.63063889,5.9805,12,40,27.52,-41,22,9.7,11.729,17.65969754,4.30465E-16,1.55249E+27
12,40,26.88,190.112,-41,22,22.3,-40.62713889,5.5098,12,40,26.88,-41,22,22.7,11.711,17.23028665,3.72187E-16,1.79282E+27
12,40,26.41,190.1100417,-41,22,36.7,-40.62313889,5.1638,12,40,26.41,-41,22,36.2,11.793,16.86409736,3.26862E-16,2.05572E+27
12,40,25.77,190.107375,-41,22,48.4,-40.61988889,5.2034,12,40,25.81,-41,22,47.9,11.948,16.83710662,3.23677E-16,2.10324E+27
12,40,24.01,190.1000417,-41,23,28.9,-40.60863889,5.7925,12,40,24.01,-41,23,28.9,11.785,17.46113997,4.02817E-16,1.66696E+27
12,40,23.37,190.097375,-41,23,43.3,-40.60463889,5.8323,12,40,23.41,-41,23,43.3,11.506,17.62749218,4.25898E-16,1.5393E+27
12,40,22.89,190.095375,-41,23,56.8,-40.60088889,5.8122,12,40,22.89,-41,23,56.3,11.263,17.72557831,4.39908E-16,1.4588E+27
12,40,22.41,190.093375,-41,24,9.4,-40.59738889,5.7906,12,40,22.45,-41,24,8.9,11.071,17.80014402,4.50759E-16,1.39942E+27
12,40,21.77,190.0907083,-41,24,24.7,-40.59313889,5.7429,12,40,21.77,-41,24,24.2,10.912,17.83464332,4.55839E-16,1.36395E+27
12,40,21.29,190.0887083,-41,24,38.2,-40.58938889,5.7009,12,40,21.29,-41,24,37.7,10.823,17.83938417,4.5654E-16,1.35075E+27
12,40,20.57,190.0857083,-41,24,49,-40.58638889,5.6972,12,40,20.57,-41,24,49.9,10.867,17.81314591,4.52669E-16,1.36783E+27
12,40,19.93,190.0830417,-41,25,4.3,-40.58213889,5.6735,12,40,19.93,-41,25,4.7,11.036,17.7046974,4.369E-16,1.43924E+27
12,40,19.37,190.0807083,-41,25,17.8,-40.57838889,5.4836,12,40,19.37,-41,25,17.8,11.227,17.42752653,3.98257E-16,1.60622E+27
12,40,18.73,190.0780417,-41,25,32.2,-40.57438889,5.1785,12,40,18.73,-41,25,31.7,11.363,17.06599527,3.51363E-16,1.84264E+27
12,40,18.25,190.0760417,-41,25,44.8,-40.57088889,4.8976,12,40,18.21,-41,25,44.8,11.455,16.74594478,3.13073E-16,2.08475E+27
12,40,17.53,190.0730417,-41,25,57.4,-40.56738889,4.613,12,40,17.53,-41,25,57.4,11.583,16.40387741,2.75385E-16,2.39654E+27
12,40,16.97,190.0707083,-41,26,9.1,-40.56413889,4.6027,12,40,16.97,-41,26,9.5,11.878,16.27560955,2.62091E-16,2.58223E+27
12,40,27.52,190.1146667,-41,21,34.6,-40.64038889,5.9847,12,40,27.56,-41,21,34.1,11.762,17.64817398,4.28827E-16,1.5628E+27
12,40,27.04,190.1126667,-41,21,48.1,-40.63663889,5.8881,12,40,27,-41,21,48.1,11.53,17.66813429,4.31666E-16,1.5219E+27
12,40,26.48,190.1103333,-41,22,2.5,-40.63263889,5.5658,12,40,26.48,-41,22,2.5,11.526,17.36696812,3.90127E-16,1.68336E+27
12,40,25.93,190.1080417,-41,22,15.1,-40.62913889,5.1858,12,40,25.89,-41,22,15.1,11.667,16.93923812,3.35842E-16,1.97938E+27
12,40,25.21,190.1050417,-41,22,28.6,-40.62538889,4.9428,12,40,25.21,-41,22,28.6,11.88,16.61297828,2.98032E-16,2.27121E+27
12,40,22.89,190.095375,-41,23,27.1,-40.60913889,5.9838,12,40,22.89,-41,23,26.2,11.744,17.65572394,4.29899E-16,1.55652E+27
12,40,22.41,190.093375,-41,23,36.1,-40.60663889,6.0859,12,40,22.41,-41,23,36.1,11.489,17.87089564,4.61217E-16,1.41932E+27
12,40,21.77,190.0907083,-41,23,50.5,-40.60263889,6.0213,12,40,21.73,-41,23,49.6,11.279,17.91457092,4.67751E-16,1.37392E+27
12,40,21.37,190.0890417,-41,24,4.9,-40.59863889,5.9166,12,40,21.33,-41,24,3.5,11.106,17.90284412,4.65991E-16,1.35795E+27
12,40,20.65,190.0860417,-41,24,19.3,-40.59463889,5.8613,12,40,20.65,-41,24,18.4,10.967,17.92087954,4.687E-16,1.33321E+27
12,40,19.85,190.0827083,-41,24,29.2,-40.59188889,5.9033,12,40,19.89,-41,24,29.2,10.914,17.98865973,4.78974E-16,1.2983E+27
12,40,19.37,190.0807083,-41,24,42.7,-40.58813889,6.0145,12,40,19.33,-41,24,42.7,10.993,18.05389408,4.89001E-16,1.28089E+27
12,40,18.73,190.0780417,-41,24,58,-40.58388889,6.0233,12,40,18.73,-41,24,58,11.144,17.98451019,4.78341E-16,1.32742E+27
12,40,18.25,190.0760417,-41,25,10.6,-40.58038889,5.8563,12,40,18.25,-41,25,11,11.264,17.76685078,4.45892E-16,1.43935E+27
12,40,17.61,190.073375,-41,25,25,-40.57638889,5.491,12,40,17.61,-41,25,24.1,11.306,17.39740186,3.94199E-16,1.63417E+27
12,40,16.97,190.0707083,-41,25,39.4,-40.57238889,4.9701,12,40,16.97,-41,25,39.4,11.288,16.89174986,3.30148E-16,1.94811E+27
12,40,16.49,190.0687083,-41,25,52,-40.56888889,4.6021,12,40,16.49,-41,25,51.5,11.282,16.51779433,2.87572E-16,2.23534E+27
12,40,15.61,190.0650417,-41,26,3.7,-40.56563889,4.6948,12,40,15.61,-41,26,4.1,11.442,16.54589421,2.90633E-16,2.24316E+27
12,40,15.05,190.0627083,-41,26,15.4,-40.56238889,5.1133,12,40,15.05,-41,26,15.8,11.836,16.79716955,3.19002E-16,2.11405E+27
12,40,26.72,190.1113333,-41,21,15.7,-40.64563889,5.9791,12,40,26.76,-41,21,15.7,11.908,17.57594694,4.18655E-16,1.62064E+27
12,40,26.4,190.11,-41,21,27.4,-40.64238889,5.944,12,40,26.44,-41,21,27.8,11.575,17.69860169,4.36025E-16,1.51257E+27
12,40,25.92,190.108,-41,21,41.8,-40.63838889,5.8273,12,40,25.96,-41,21,41.3,11.395,17.67579425,4.32759E-16,1.50028E+27
12,40,25.28,190.1053333,-41,21,56.2,-40.63438889,5.6406,12,40,25.28,-41,21,56.6,11.449,17.47372774,4.04534E-16,1.61256E+27
12,40,24.73,190.1030417,-41,22,8.8,-40.63088889,5.4254,12,40,24.69,-41,22,9.2,11.676,17.16571753,3.63907E-16,1.82813E+27
12,40,24.17,190.1007083,-41,22,20.5,-40.62763889,5.2943,12,40,24.17,-41,22,20,11.964,16.91696107,3.33162E-16,2.04609E+27
12,40,21.69,190.090375,-41,23,18.1,-40.61163889,5.6557,12,40,21.65,-41,23,18.1,11.871,17.29598417,3.8074E-16,1.77649E+27
12,40,21.13,190.0880417,-41,23,29.8,-40.60838889,5.7216,12,40,21.13,-41,23,29.8,11.599,17.48038085,4.05443E-16,1.63003E+27
12,40,20.49,190.085375,-41,23,43.3,-40.60463889,5.7456,12,40,20.45,-41,23,43.3,11.362,17.61451163,4.24066E-16,1.5266E+27
12,40,19.85,190.0827083,-41,23,58.6,-40.60038889,5.8375,12,40,19.89,-41,23,58.1,11.171,17.79500178,4.50005E-16,1.41442E+27
12,40,19.45,190.0810417,-41,24,9.4,-40.59738889,5.9828,12,40,19.41,-41,24,9.8,11.031,18.00408073,4.81332E-16,1.30579E+27
12,40,18.81,190.078375,-41,24,24.7,-40.59313889,6.0984,12,40,18.77,-41,24,24.2,10.998,18.13083719,5.01002E-16,1.25077E+27
12,40,18.25,190.0760417,-41,24,36.4,-40.58988889,6.129,12,40,18.29,-41,24,36.4,11.107,18.10286972,4.96618E-16,1.27432E+27
12,40,17.61,190.073375,-41,24,51.7,-40.58563889,6.0756,12,40,17.65,-41,24,52.1,11.276,17.96676748,4.7564E-16,1.35077E+27
12,40,17.13,190.071375,-41,25,3.4,-40.58238889,5.9514,12,40,17.13,-41,25,3.4,11.363,17.80769139,4.51867E-16,1.4328E+27
12,40,16.65,190.069375,-41,25,15.1,-40.57913889,5.7021,12,40,16.69,-41,25,15.5,11.307,17.59956944,4.21964E-16,1.52678E+27
12,40,15.93,190.066375,-41,25,31.3,-40.57463889,5.2555,12,40,15.89,-41,25,30.4,11.161,17.23471412,3.72759E-16,1.706E+27
12,40,15.05,190.0627083,-41,25,46.6,-40.57038889,4.9013,12,40,15.09,-41,25,45.2,11.027,16.93920735,3.35838E-16,1.87082E+27
12,40,14.57,190.0607083,-41,25,57.4,-40.56738889,4.9624,12,40,14.57,-41,25,57.8,11.043,16.99445407,3.42545E-16,1.83685E+27
12,40,13.93,190.0580417,-41,26,10.9,-40.56363889,5.3777,12,40,13.89,-41,26,10.9,11.283,17.29807412,3.81014E-16,1.68728E+27
12,40,13.29,190.055375,-41,26,23.5,-40.56013889,5.8842,12,40,13.25,-41,26,23.5,11.624,17.62016896,4.24864E-16,1.55887E+27
12,40,12.57,190.052375,-41,26,37.9,-40.55613889,6.0939,12,40,12.57,-41,26,37.4,11.914,17.67686307,4.32912E-16,1.56806E+27
12,40,25.76,190.1073333,-41,21,9.4,-40.64738889,6.1264,12,40,25.8,-41,21,8.9,11.867,17.72783708,4.40234E-16,1.5359E+27
12,40,25.36,190.1056667,-41,21,21.1,-40.64413889,6.1636,12,40,25.32,-41,21,21.1,11.59,17.8929638,4.64511E-16,1.42165E+27
12,40,24.64,190.1026667,-41,21,36.4,-40.63988889,6.1105,12,40,24.64,-41,21,36.4,11.381,17.94673703,4.72602E-16,1.37211E+27
12,40,24.17,190.1007083,-41,21,49.9,-40.63613889,6.0625,12,40,24.13,-41,21,49.4,11.358,17.91366629,4.67615E-16,1.38394E+27
12,40,23.53,190.0980417,-41,22,2.5,-40.63263889,5.9205,12,40,23.53,-41,22,2.9,11.53,17.69823825,4.35972E-16,1.50687E+27
12,40,22.81,190.0950417,-41,22,16.9,-40.62863889,5.7021,12,40,22.85,-41,22,16.4,11.791,17.37471093,3.9116E-16,1.71751E+27
12,40,22.25,190.0927083,-41,22,26.8,-40.62588889,5.5812,12,40,22.25,-41,22,26.8,12.026,17.15939578,3.63103E-16,1.8871E+27
12,40,20.49,190.085375,-41,23,10,-40.61388889,5.0305,12,40,20.45,-41,23,10,11.967,16.662956,3.03627E-16,2.24569E+27
12,40,19.93,190.0830417,-41,23,24.4,-40.60988889,4.9783,12,40,19.97,-41,23,24.4,11.698,16.72310696,3.10454E-16,2.14694E+27
12,40,19.37,190.0807083,-41,23,35.2,-40.60688889,4.9673,12,40,19.37,-41,23,35.2,11.429,16.82703684,3.22494E-16,2.01926E+27
12,40,18.73,190.0780417,-41,23,50.5,-40.60263889,5.1287,12,40,18.73,-41,23,50,11.22,17.08134476,3.53275E-16,1.80961E+27
12,40,18.25,190.0760417,-41,24,3.1,-40.59913889,5.4439,12,40,18.25,-41,24,3.5,11.08,17.45909473,4.02539E-16,1.56833E+27
12,40,17.69,190.0737083,-41,24,17.5,-40.59513889,5.7455,12,40,17.69,-41,24,17.5,11.044,17.77030401,4.46395E-16,1.40965E+27
12,40,16.97,190.0707083,-41,24,30.1,-40.59163889,5.9342,12,40,17.01,-41,24,30.5,11.149,17.89781833,4.65238E-16,1.36542E+27
12,40,16.25,190.0677083,-41,24,45.4,-40.58738889,6.0026,12,40,16.25,-41,24,45.8,11.32,17.8767082,4.62083E-16,1.39583E+27
12,40,15.85,190.0660417,-41,24,58,-40.58388889,5.9796,12,40,15.85,-41,24,58,11.41,17.81102721,4.52357E-16,1.43717E+27
12,40,15.37,190.0640417,-41,25,8.8,-40.58088889,5.8526,12,40,15.37,-41,25,9.2,11.351,17.72086123,4.39227E-16,1.47248E+27
12,40,14.65,190.0610417,-41,25,25.9,-40.57613889,5.5797,12,40,14.65,-41,25,25.9,11.213,17.52731456,4.11897E-16,1.55109E+27
12,40,13.93,190.0580417,-41,25,39.4,-40.57238889,5.2526,12,40,13.93,-41,25,39.4,11.104,17.25855261,3.75851E-16,1.68333E+27
12,40,13.29,190.055375,-41,25,52,-40.56888889,5.157,12,40,13.29,-41,25,52.4,11.09,17.16962159,3.64404E-16,1.73402E+27
12,40,12.81,190.053375,-41,26,4.6,-40.56538889,5.5002,12,40,12.81,-41,26,4.6,11.19,17.46128702,4.02837E-16,1.58272E+27
12,40,12.25,190.0510417,-41,26,18.1,-40.56163889,5.9485,12,40,12.21,-41,26,18.1,11.359,17.8069386,4.51756E-16,1.43265E+27
12,40,11.61,190.048375,-41,26,30.7,-40.55813889,6.0036,12,40,11.61,-41,26,31.1,11.533,17.77372373,4.46894E-16,1.47042E+27
12,40,10.97,190.0457083,-41,26,44.2,-40.55438889,5.846,12,40,10.97,-41,26,44.2,11.693,17.55271529,4.15417E-16,1.60378E+27
12,40,10.25,190.0427083,-41,26,56.8,-40.55088889,5.6012,12,40,10.25,-41,26,57.2,11.862,17.24927207,3.74645E-16,1.80402E+27
12,40,24.08,190.1003333,-41,21,13.9,-40.64613889,6.1195,12,40,24.08,-41,21,14.3,11.771,17.76649253,4.4584E-16,1.50431E+27
12,40,23.45,190.0977083,-41,21,28.3,-40.64213889,6.3398,12,40,23.41,-41,21,28.3,11.499,18.09787538,4.95837E-16,1.32137E+27
12,40,22.81,190.0950417,-41,21,44.5,-40.63763889,6.3806,12,40,22.81,-41,21,44,11.322,18.224757,5.15909E-16,1.25042E+27
12,40,22.25,190.0927083,-41,21,56.2,-40.63438889,6.0204,12,40,22.25,-41,21,55.7,11.309,17.89878734,4.65383E-16,1.38458E+27
12,40,21.61,190.0900417,-41,22,10.6,-40.63038889,5.4753,12,40,21.57,-41,22,10.6,11.426,17.32642601,3.84747E-16,1.69209E+27
12,40,21.05,190.0877083,-41,22,21.4,-40.62738889,5.2455,12,40,21.09,-41,22,21.4,11.585,17.03288001,3.47262E-16,1.90083E+27
12,40,20.41,190.0850417,-41,22,35.8,-40.62338889,5.1378,12,40,20.37,-41,22,36.2,11.726,16.86733995,3.27246E-16,2.04164E+27
12,40,19.93,190.0830417,-41,22,48.4,-40.61988889,4.96,12,40,19.93,-41,22,47.9,11.809,16.65894933,3.03175E-16,2.21934E+27
12,40,19.29,190.080375,-41,23,3.7,-40.61563889,4.8981,12,40,19.25,-41,23,3.7,11.783,16.60868894,2.97555E-16,2.25628E+27
12,40,18.73,190.0780417,-41,23,15.4,-40.61238889,4.9978,12,40,18.73,-41,23,15.8,11.622,16.77442441,3.1636E-16,2.09317E+27
12,40,18.17,190.0757083,-41,23,29.8,-40.60838889,4.9749,12,40,18.17,-41,23,29.8,11.405,16.84509312,3.24617E-16,2.00184E+27
12,40,17.53,190.0730417,-41,23,45.1,-40.60413889,4.9919,12,40,17.57,-41,23,44.7,11.235,16.93734009,3.35613E-16,1.90739E+27
12,40,17.13,190.071375,-41,23,57.7,-40.60063889,5.1521,12,40,17.09,-41,23,57.7,11.139,17.14194883,3.6089E-16,1.75863E+27
12,40,16.33,190.0680417,-41,24,10.3,-40.59713889,5.3332,12,40,16.33,-41,24,10.3,11.129,17.32664464,3.84776E-16,1.64798E+27
12,40,15.85,190.0660417,-41,24,22.9,-40.59363889,5.513,12,40,15.85,-41,24,22.9,11.231,17.45416067,4.01867E-16,1.59236E+27
12,40,15.13,190.0630417,-41,24,37.3,-40.58963889,5.6608,12,40,15.09,-41,24,37.3,11.4,17.51595354,4.10328E-16,1.58299E+27
12,40,14.57,190.0607083,-41,24,51.7,-40.58563889,5.8238,12,40,14.53,-41,24,52.1,11.521,17.61245223,4.23776E-16,1.54903E+27
12,40,13.93,190.0580417,-41,25,3.4,-40.58238889,5.9435,12,40,13.97,-41,25,3.8,11.533,17.71813749,4.38834E-16,1.49743E+27
12,40,13.29,190.055375,-41,25,17.8,-40.57838889,5.802,12,40,13.33,-41,25,17.8,11.475,17.61381512,4.23968E-16,1.54214E+27
12,40,12.73,190.0530417,-41,25,32.2,-40.57438889,5.4449,12,40,12.73,-41,25,31.7,11.427,17.2966926,3.80833E-16,1.70963E+27
12,40,12.09,190.050375,-41,25,46.6,-40.57038889,5.2844,12,40,12.09,-41,25,46.6,11.403,17.15190761,3.62152E-16,1.79404E+27
12,40,11.53,190.0480417,-41,25,58.3,-40.56713889,5.5892,12,40,11.57,-41,25,58.3,11.384,17.45520924,4.0201E-16,1.61348E+27
12,40,11.13,190.046375,-41,26,10,-40.56388889,5.9688,12,40,11.09,-41,26,10.9,11.38,17.81561971,4.53033E-16,1.43126E+27
12,40,10.49,190.0437083,-41,26,24.4,-40.55988889,6.0151,12,40,10.49,-41,26,24.8,11.407,17.84550109,4.57445E-16,1.42081E+27
12,40,9.93,190.041375,-41,26,37,-40.55638889,5.8373,12,40,9.89,-41,26,37,11.473,17.64784447,4.2878E-16,1.52457E+27
12,40,9.21,190.038375,-41,26,50.5,-40.55263889,5.6014,12,40,9.21,-41,26,50.9,11.594,17.36957965,3.90476E-16,1.69178E+27
12,40,8.64,190.036,-41,27,3.1,-40.54913889,5.3618,12,40,8.64,-41,27,3.1,11.775,17.06174576,3.50835E-16,1.91233E+27
12,40,22.25,190.0927083,-41,21,22.9,-40.64363889,5.9934,12,40,22.25,-41,21,22.9,11.746,17.66356298,4.31015E-16,1.55275E+27
12,40,21.69,190.090375,-41,21,36.4,-40.63988889,6.0888,12,40,21.65,-41,21,36.4,11.456,17.88970127,4.64023E-16,1.40669E+27
12,40,20.97,190.087375,-41,21,49.9,-40.63613889,5.6858,12,40,20.97,-41,21,49.4,11.234,17.61923258,4.24731E-16,1.50704E+27
12,40,20.41,190.0850417,-41,22,2.5,-40.63263889,5.1794,12,40,20.41,-41,22,2.5,11.146,17.16598818,3.63941E-16,1.74499E+27
12,40,19.85,190.0827083,-41,22,15.1,-40.62913889,5.0314,12,40,19.85,-41,22,15.5,11.172,17.0055825,3.43907E-16,1.85095E+27
12,40,19.21,190.0800417,-41,22,30.4,-40.62488889,5.0533,12,40,19.21,-41,22,29.9,11.26,16.9878298,3.41736E-16,1.87738E+27
12,40,18.65,190.0777083,-41,22,43.9,-40.62113889,5.0541,12,40,18.69,-41,22,44.3,11.365,16.94176335,3.36146E-16,1.9264E+27
12,40,18.01,190.0750417,-41,22,59.2,-40.61688889,5.2915,12,40,18.05,-41,22,58.7,11.424,17.14934158,3.61827E-16,1.79896E+27
12,40,17.53,190.0730417,-41,23,10,-40.61388889,5.7182,12,40,17.57,-41,23,10.5,11.387,17.57660872,4.18747E-16,1.54939E+27
12,40,17.13,190.071375,-41,23,22.6,-40.61038889,5.8611,12,40,17.09,-41,23,23,11.291,17.75813365,4.44624E-16,1.44692E+27
12,40,16.41,190.068375,-41,23,37,-40.60638889,5.8279,12,40,16.41,-41,23,37.9,11.242,17.75077084,4.43554E-16,1.44411E+27
12,40,15.77,190.0657083,-41,23,50.5,-40.60263889,5.6957,12,40,15.77,-41,23,50.9,11.279,17.60694331,4.23E-16,1.51927E+27
12,40,15.13,190.0630417,-41,24,2.2,-40.59938889,5.3859,12,40,15.13,-41,24,2.2,11.392,17.25570663,3.75481E-16,1.72869E+27
12,40,14.49,190.060375,-41,24,16.6,-40.59538889,5.2367,12,40,14.49,-41,24,17,11.586,17.02389945,3.46156E-16,1.90707E+27
12,40,13.77,190.057375,-41,24,32.8,-40.59088889,5.2793,12,40,13.81,-41,24,32.8,11.814,16.96620514,3.39104E-16,1.98504E+27
12,40,13.29,190.055375,-41,24,45.4,-40.58738889,5.4832,12,40,13.33,-41,24,44.9,11.968,17.0931166,3.54745E-16,1.92225E+27
12,40,12.89,190.0537083,-41,24,57.1,-40.58413889,5.8131,12,40,12.89,-41,24,57.5,11.979,17.39305961,3.93616E-16,1.73401E+27
12,40,12.17,190.0507083,-41,25,8.8,-40.58088889,5.7817,12,40,12.17,-41,25,8.8,11.89,17.40389955,3.95072E-16,1.71479E+27
12,40,11.45,190.0477083,-41,25,23.2,-40.57688889,5.4872,12,40,11.49,-41,25,23.2,11.792,17.17316793,3.64856E-16,1.84149E+27
12,40,10.89,190.045375,-41,25,37.6,-40.57288889,5.6037,12,40,10.89,-41,25,37.6,11.701,17.32325167,3.84328E-16,1.7347E+27
12,40,10.33,190.0430417,-41,25,52.9,-40.56863889,5.9731,12,40,10.33,-41,25,52,11.586,17.72024654,4.39138E-16,1.50327E+27
12,40,9.77,190.0407083,-41,26,5.5,-40.56513889,6.2675,12,40,9.77,-41,26,5.5,11.457,18.05310579,4.88879E-16,1.33529E+27
12,40,9.29,190.0387083,-41,26,18.1,-40.56163889,6.5094,12,40,9.29,-41,26,18.1,11.356,18.32427954,5.32017E-16,1.2162E+27
12,40,8.73,190.036375,-41,26,31.6,-40.55788889,6.3485,12,40,8.73,-41,26,31.6,11.315,18.19900807,5.11794E-16,1.25969E+27
12,40,7.92,190.033,-41,26,46,-40.55388889,5.8991,12,40,7.92,-41,26,46,11.358,17.76115548,4.45063E-16,1.45407E+27
12,40,7.44,190.031,-41,26,57.7,-40.55063889,5.6931,12,40,7.44,-41,26,57.2,11.494,17.5023885,4.08461E-16,1.60334E+27
12,40,6.8,190.0283333,-41,27,11.2,-40.54688889,5.7116,12,40,6.8,-41,27,11.6,11.71,17.42015403,3.97261E-16,1.67952E+27
12,40,6.16,190.0256667,-41,27,23.8,-40.54338889,5.7314,12,40,6.12,-41,27,23.8,11.975,17.32001915,3.83901E-16,1.7773E+27
12,40,20.73,190.086375,-41,21,16.6,-40.64538889,5.5111,12,40,20.73,-41,21,16.6,11.937,17.13251735,3.59698E-16,1.89087E+27
12,40,20.41,190.0850417,-41,21,29.2,-40.64188889,5.6233,12,40,20.45,-41,21,29.2,11.647,17.36609331,3.90011E-16,1.70154E+27
12,40,19.85,190.0827083,-41,21,41.8,-40.63838889,5.5552,12,40,19.85,-41,21,41.8,11.331,17.44754093,4.00968E-16,1.61014E+27
12,40,19.21,190.0800417,-41,21,56.2,-40.63438889,5.4837,12,40,19.21,-41,21,56.2,11.092,17.49232383,4.07079E-16,1.55251E+27
12,40,18.65,190.0777083,-41,22,8.8,-40.63088889,5.394,12,40,18.69,-41,22,8.8,10.991,17.4529814,4.01707E-16,1.55895E+27
12,40,18.01,190.0750417,-41,22,24.1,-40.62663889,5.3114,12,40,18.01,-41,22,23.6,11.013,17.36032295,3.89242E-16,1.61209E+27
12,40,17.53,190.0730417,-41,22,36.7,-40.62313889,5.2678,12,40,17.53,-41,22,36.7,11.09,17.28027246,3.78683E-16,1.66863E+27
12,40,16.89,190.070375,-41,22,52,-40.61888889,5.408,12,40,16.93,-41,22,52,11.142,17.3941143,3.93758E-16,1.61227E+27
12,40,16.41,190.068375,-41,23,5.5,-40.61513889,5.7628,12,40,16.41,-41,23,5.5,11.136,17.74104928,4.42145E-16,1.43506E+27
12,40,15.85,190.0660417,-41,23,17.2,-40.61188889,6.0738,12,40,15.85,-41,23,17.2,11.128,18.04021181,4.86886E-16,1.30225E+27
12,40,15.29,190.0637083,-41,23,30.7,-40.60813889,6.1549,12,40,15.21,-41,23,30.7,11.22,18.06898067,4.91339E-16,1.30112E+27
12,40,14.57,190.0607083,-41,23,42.4,-40.60488889,6.1168,12,40,14.57,-41,23,42.8,11.441,17.92288013,4.69001E-16,1.38994E+27
12,40,14.01,190.058375,-41,23,56.8,-40.60088889,5.9611,12,40,14.01,-41,23,56.3,11.757,17.62892832,4.26101E-16,1.57213E+27
12,40,13.37,190.0557083,-41,24,10.3,-40.59713889,5.7377,12,40,13.41,-41,24,10.3,12.136,17.25575426,3.75487E-16,1.84156E+27
12,40,12.81,190.053375,-41,24,22.9,-40.59363889,5.6329,12,40,12.85,-41,24,23.3,12.477,17.01802082,3.45433E-16,2.05803E+27
12,40,12.25,190.0510417,-41,24,37.3,-40.58963889,5.7614,12,40,12.25,-41,24,37.3,12.622,17.07410401,3.52372E-16,2.04095E+27
12,40,11.61,190.048375,-41,24,50.8,-40.58588889,5.9942,12,40,11.61,-41,24,50.3,12.515,17.32383938,3.84405E-16,1.85501E+27
12,40,10.97,190.0457083,-41,25,3.4,-40.58238889,5.9719,12,40,10.97,-41,25,3.4,12.26,17.41306117,3.96305E-16,1.76265E+27
12,40,10.41,190.043375,-41,25,15.1,-40.57913889,5.8077,12,40,10.49,-41,25,14.6,12.016,17.37178545,3.9077E-16,1.75204E+27
12,40,9.93,190.041375,-41,25,29.5,-40.57513889,5.8391,12,40,9.89,-41,25,29.5,11.831,17.48318965,4.05828E-16,1.66106E+27
12,40,9.21,190.038375,-41,25,43.9,-40.57113889,5.8985,12,40,9.17,-41,25,44.3,11.666,17.61374721,4.23958E-16,1.56785E+27
12,40,8.65,190.0360417,-41,25,57.4,-40.56738889,6.0335,12,40,8.61,-41,25,56.9,11.495,17.81966683,4.53629E-16,1.44382E+27
12,40,7.93,190.0330417,-41,26,10,-40.56388889,6.4149,12,40,7.97,-41,26,9.5,11.34,18.24676732,5.19444E-16,1.24388E+27
12,40,7.29,190.030375,-41,26,27.1,-40.55913889,6.558,12,40,7.29,-41,26,26.6,11.241,18.42864893,5.49256E-16,1.1661E+27
12,40,6.72,190.028,-41,26,37.9,-40.55613889,6.2968,12,40,6.72,-41,26,38.3,11.224,18.19841506,5.11699E-16,1.24979E+27
12,40,6.24,190.026,-41,26,50.5,-40.55263889,6.2314,12,40,6.24,-41,26,50,11.294,18.1021416,4.96504E-16,1.29607E+27
12,40,5.44,190.0226667,-41,27,7.6,-40.54788889,6.2532,12,40,5.48,-41,27,7.1,11.459,18.03905798,4.86708E-16,1.34147E+27
12,40,4.8,190.02,-41,27,20.2,-40.54438889,6.0163,12,40,4.84,-41,27,20.2,11.714,17.69944274,4.36145E-16,1.53031E+27
12,40,19.61,190.0817083,-41,21,7.6,-40.64788889,5.3673,12,40,19.61,-41,21,8,11.985,16.97712468,3.40431E-16,2.00592E+27
12,40,19.13,190.0797083,-41,21,21.1,-40.64413889,5.4689,12,40,19.17,-41,21,21.1,11.759,17.17038385,3.64501E-16,1.83813E+27
12,40,18.57,190.077375,-41,21,34.6,-40.64038889,5.6311,12,40,18.61,-41,21,34.6,11.49,17.44559512,4.00704E-16,1.63381E+27
12,40,18.09,190.075375,-41,21,48.1,-40.63663889,5.8563,12,40,18.09,-41,21,48.5,11.235,17.78113841,4.47977E-16,1.42897E+27
12,40,17.45,190.0727083,-41,22,3.4,-40.63238889,5.8999,12,40,17.45,-41,22,3,11.078,17.90114492,4.65736E-16,1.35527E+27
12,40,16.81,190.0700417,-41,22,16.9,-40.62863889,5.6926,12,40,16.81,-41,22,16.4,11.047,17.71771063,4.38773E-16,1.43453E+27
12,40,16.25,190.0677083,-41,22,29.5,-40.62513889,5.438,12,40,16.21,-41,22,29.5,11.071,17.45764152,4.02341E-16,1.56782E+27
12,40,15.61,190.0650417,-41,22,43,-40.62138889,5.3037,12,40,15.61,-41,22,43,11.066,17.32733056,3.84867E-16,1.63827E+27
12,40,15.05,190.0627083,-41,22,57.4,-40.61738889,5.4101,12,40,15.09,-41,22,57.4,11.031,17.44949578,4.01234E-16,1.56647E+27
12,40,14.41,190.0600417,-41,23,12.7,-40.61313889,5.7132,12,40,14.41,-41,23,12.2,11.05,17.7361279,4.41432E-16,1.42627E+27
12,40,14.01,190.058375,-41,23,24.4,-40.60988889,5.8831,12,40,13.97,-41,23,23.9,11.21,17.81890076,4.53516E-16,1.40837E+27
12,40,13.21,190.0550417,-41,23,37,-40.60638889,6.0279,12,40,13.25,-41,23,37,11.53,17.79758472,4.50384E-16,1.45865E+27
12,40,12.81,190.053375,-41,23,48.7,-40.60313889,6.1811,12,40,12.77,-41,23,48.7,11.974,17.72735605,4.40164E-16,1.54999E+27
12,40,12.09,190.050375,-41,24,3.1,-40.59913889,6.1039,12,40,12.09,-41,24,3.1,12.486,17.43221501,3.98891E-16,1.7835E+27
12,40,11.45,190.0477083,-41,24,16.6,-40.59538889,6.0031,12,40,11.45,-41,24,17,12.914,17.16782608,3.64175E-16,2.02048E+27
12,40,10.97,190.0457083,-41,24,29.2,-40.59188889,6.0591,12,40,11.01,-41,24,29.6,13.055,17.15969146,3.63141E-16,2.04836E+27
12,40,10.41,190.043375,-41,24,43.6,-40.58788889,6.1797,12,40,10.37,-41,24,43.6,12.858,17.34196598,3.86803E-16,1.89403E+27
12,40,9.93,190.041375,-41,24,57.1,-40.58413889,6.1691,12,40,9.89,-41,24,57.1,12.474,17.49420584,4.07337E-16,1.74484E+27
12,40,9.21,190.038375,-41,25,8.8,-40.58088889,6.0388,12,40,9.17,-41,25,9.2,12.108,17.53959922,4.13597E-16,1.66801E+27
12,40,8.65,190.0360417,-41,25,24.1,-40.57663889,5.8082,12,40,8.65,-41,25,24.1,11.857,17.44305705,4.0036E-16,1.68744E+27
12,40,8.09,190.0337083,-41,25,37.6,-40.57288889,5.6017,12,40,8.05,-41,25,38,11.694,17.32452295,3.84496E-16,1.73291E+27
12,40,7.53,190.031375,-41,25,52.9,-40.56863889,5.6261,12,40,7.53,-41,25,52.9,11.559,17.40896036,3.95753E-16,1.66418E+27
12,40,6.97,190.0290417,-41,26,4.6,-40.56538889,5.9509,12,40,6.97,-41,26,4.6,11.439,17.77021677,4.46383E-16,1.46011E+27
12,40,6.25,190.0260417,-41,26,17.2,-40.56188889,6.257,12,40,6.24,-41,26,17.6,11.354,18.09525311,4.95428E-16,1.30579E+27
12,40,5.68,190.0236667,-41,26,31.6,-40.55788889,6.3492,12,40,5.68,-41,26,31.6,11.309,18.20273148,5.12387E-16,1.25756E+27
12,40,5.2,190.0216667,-41,26,45.1,-40.55413889,6.4552,12,40,5.16,-41,26,45.1,11.31,18.29897011,5.2789E-16,1.22074E+27
12,40,4.64,190.0193333,-41,26,56.8,-40.55088889,6.4471,12,40,4.64,-41,26,56.8,11.396,18.24723981,5.1952E-16,1.24984E+27
12,40,4,190.0166667,-41,27,10.2,-40.54716667,6.1275,12,40,4,-41,27,10.2,11.611,17.84990555,4.58098E-16,1.44416E+27
12,40,3.36,190.014,-41,27,21,-40.54416667,5.7993,12,40,3.36,-41,27,22.4,11.931,17.40175893,3.94784E-16,1.72195E+27
12,40,18.81,190.078375,-41,21,2.2,-40.64938889,5.3806,12,40,18.81,-41,21,1.7,11.929,17.01339855,3.44865E-16,1.97088E+27
12,40,18.09,190.075375,-41,21,15.7,-40.64563889,5.5206,12,40,18.05,-41,21,15.7,11.777,17.21123598,3.69731E-16,1.8149E+27
12,40,17.53,190.0730417,-41,21,28.3,-40.64213889,5.8219,12,40,17.53,-41,21,28.3,11.608,17.56983875,4.17802E-16,1.58304E+27
12,40,16.89,190.070375,-41,21,41.8,-40.63838889,6.1896,12,40,16.93,-41,21,41.3,11.431,17.99477232,4.79908E-16,1.35716E+27
12,40,16.33,190.0680417,-41,21,54.4,-40.63488889,6.3718,12,40,16.29,-41,21,54.8,11.302,18.22701761,5.16271E-16,1.24733E+27
12,40,15.61,190.0650417,-41,22,9.7,-40.63063889,6.1151,12,40,15.65,-41,22,9.2,11.254,18.01465473,4.82953E-16,1.32772E+27
12,40,15.05,190.0627083,-41,22,23.2,-40.62688889,5.6484,12,40,15.09,-41,22,22.7,11.233,17.58384585,4.19759E-16,1.52475E+27
12,40,14.49,190.060375,-41,22,36.7,-40.62313889,5.271,12,40,14.49,-41,22,36.2,11.186,17.23840187,3.73236E-16,1.70764E+27
12,40,14.01,190.058375,-41,22,48.4,-40.61988889,5.0162,12,40,14.01,-41,22,48.4,11.136,17.00660712,3.44032E-16,1.84431E+27
12,40,13.29,190.055375,-41,23,2.8,-40.61588889,5.0639,12,40,13.29,-41,23,2.3,11.151,17.04789977,3.49118E-16,1.81989E+27
12,40,12.81,190.053375,-41,23,18.1,-40.61163889,5.2248,12,40,12.77,-41,23,18.1,11.282,17.14842646,3.61711E-16,1.77717E+27
12,40,12.33,190.051375,-41,23,28.9,-40.60863889,5.4944,12,40,12.29,-41,23,29.3,11.563,17.28210636,3.78922E-16,1.7387E+27
12,40,11.77,190.0490417,-41,23,41.5,-40.60513889,5.7598,12,40,11.73,-41,23,41.9,11.981,17.3434284,3.86997E-16,1.76396E+27
12,40,10.97,190.0457083,-41,23,57.7,-40.60063889,5.7043,12,40,11.01,-41,23,57.2,12.47,17.08513456,3.53748E-16,2.00853E+27
12,40,10.41,190.043375,-41,24,12.1,-40.59663889,5.6544,12,40,10.37,-41,24,11.6,12.88,16.87703828,3.28397E-16,2.23471E+27
12,40,9.85,190.0410417,-41,24,22.9,-40.59363889,5.7286,12,40,9.85,-41,24,22.9,13.025,16.88624946,3.29492E-16,2.25236E+27
12,40,9.21,190.038375,-41,24,35.5,-40.59013889,5.8248,12,40,9.25,-41,24,35.5,12.848,17.03938268,3.48065E-16,2.1032E+27
12,40,8.57,190.0357083,-41,24,50.8,-40.58588889,5.8396,12,40,8.57,-41,24,50.8,12.496,17.19522158,3.67675E-16,1.93647E+27
12,40,8.09,190.0337083,-41,25,4.3,-40.58213889,5.8036,12,40,8.05,-41,25,3.8,12.157,17.30652829,3.82125E-16,1.8127E+27
12,40,7.37,190.0307083,-41,25,17.8,-40.57838889,5.6712,12,40,7.41,-41,25,18.2,11.938,17.28082322,3.78755E-16,1.79588E+27
12,40,6.81,190.028375,-41,25,32.2,-40.57438889,5.514,12,40,6.81,-41,25,32.2,11.814,17.18874683,3.66846E-16,1.83492E+27
12,40,6.25,190.0260417,-41,25,44.8,-40.57088889,5.5483,12,40,6.21,-41,25,45.7,11.726,17.25993848,3.76031E-16,1.77677E+27
12,40,5.69,190.0237083,-41,25,57.4,-40.56738889,5.8345,12,40,5.69,-41,25,57.4,11.653,17.56059759,4.16514E-16,1.59409E+27
12,40,5.12,190.0213333,-41,26,10,-40.56388889,6.098,12,40,5.08,-41,26,10.4,11.59,17.83306416,4.55605E-16,1.44944E+27
12,40,4.48,190.0186667,-41,26,25.3,-40.55963889,6.1725,12,40,4.48,-41,26,25.3,11.521,17.93470465,4.70784E-16,1.39435E+27
12,40,3.84,190.016,-41,26,38.7,-40.55591667,6.2867,12,40,3.84,-41,26,38.3,11.458,18.07011201,4.91514E-16,1.32824E+27
12,40,3.28,190.0136667,-41,26,50.4,-40.55266667,6.3445,12,40,3.24,-41,26,50.4,11.474,18.11465569,4.98462E-16,1.31156E+27
12,40,2.64,190.011,-41,27,2.1,-40.54941667,6.1474,12,40,2.68,-41,27,2.6,11.645,17.8516856,4.58362E-16,1.44756E+27
12,40,2.32,190.0096667,-41,27,14.7,-40.54591667,5.8514,12,40,2.32,-41,27,16.1,11.98,17.42753787,3.98258E-16,1.71394E+27
12,40,17.45,190.0727083,-41,20,55,-40.65138889,5.3945,12,40,17.49,-41,20,55,11.857,17.05735688,3.5029E-16,1.92864E+27
12,40,16.89,190.070375,-41,21,9.4,-40.64738889,5.6756,12,40,16.89,-41,21,8.9,11.759,17.36443919,3.8979E-16,1.71887E+27
12,40,16.33,190.0680417,-41,21,22,-40.64388889,6.0038,12,40,16.33,-41,21,22.9,11.661,17.71294518,4.38086E-16,1.51663E+27
12,40,15.77,190.0657083,-41,21,37.3,-40.63963889,6.2841,12,40,15.73,-41,21,37.3,11.558,18.018113,4.83484E-16,1.36209E+27
12,40,15.29,190.0637083,-41,21,50.8,-40.63588889,6.3527,12,40,15.17,-41,21,51.2,11.483,18.11757805,4.9892E-16,1.31138E+27
12,40,14.41,190.0600417,-41,22,6.1,-40.63163889,6.0831,12,40,14.41,-41,22,6.1,11.452,17.88640399,4.6353E-16,1.40769E+27
12,40,13.77,190.057375,-41,22,19.6,-40.62788889,5.5901,12,40,13.77,-41,22,19.6,11.434,17.43267302,3.98953E-16,1.63298E+27
12,40,13.29,190.055375,-41,22,32.2,-40.62438889,5.1738,12,40,13.33,-41,22,32.2,11.4,17.0447713,3.48731E-16,1.8626E+27
12,40,12.81,190.053375,-41,22,43,-40.62138889,4.9118,12,40,12.81,-41,22,43,11.366,16.79872781,3.19183E-16,2.02895E+27
12,40,12.17,190.0507083,-41,22,55.6,-40.61788889,4.9069,12,40,12.17,-41,22,55.6,11.353,16.79945225,3.19268E-16,2.0261E+27
12,40,11.53,190.0480417,-41,23,10,-40.61388889,4.9325,12,40,11.49,-41,23,9.5,11.385,16.81128868,3.20649E-16,2.02305E+27
12,40,11.13,190.046375,-41,23,22.6,-40.61038889,5.0386,12,40,11.09,-41,23,22.6,11.525,16.85633273,3.25944E-16,2.01467E+27
12,40,10.41,190.043375,-41,23,36.1,-40.60663889,5.2252,12,40,10.37,-41,23,36.1,11.807,16.91732192,3.33206E-16,2.01898E+27
12,40,9.77,190.0407083,-41,23,50.5,-40.60263889,5.1205,12,40,9.81,-41,23,50,12.161,16.67100435,3.04534E-16,2.2753E+27
12,40,9.29,190.0387083,-41,24,4,-40.59888889,5,12,40,9.25,-41,24,3.5,12.451,16.44314022,2.79545E-16,2.5378E+27
12,40,8.57,190.0357083,-41,24,15.7,-40.59563889,5.0935,12,40,8.57,-41,24,15.7,12.551,16.49323096,2.84914E-16,2.50998E+27
12,40,7.93,190.0330417,-41,24,31.9,-40.59113889,5.3215,12,40,7.93,-41,24,30.5,12.44,16.74849931,3.13367E-16,2.26189E+27
12,40,7.45,190.0310417,-41,24,42.7,-40.58813889,5.5119,12,40,7.41,-41,24,42.7,12.233,17.0080412,3.44208E-16,2.02496E+27
12,40,6.97,190.0290417,-41,24,57.1,-40.58413889,5.6581,12,40,6.97,-41,24,56.6,12.068,17.21223777,3.6986E-16,1.8591E+27
12,40,6.17,190.0257083,-41,25,9.7,-40.58063889,5.7756,12,40,6.17,-41,25,9.7,11.986,17.3556913,3.88626E-16,1.75731E+27
12,40,5.53,190.0230417,-41,25,23.2,-40.57688889,5.819,12,40,5.49,-41,25,23.2,11.939,17.41622618,3.96731E-16,1.71465E+27
12,40,4.97,190.0207083,-41,25,37.6,-40.57288889,5.8843,12,40,5.01,-41,25,38,11.876,17.50420775,4.08711E-16,1.65561E+27
12,40,4.49,190.0187083,-41,25,51.1,-40.56913889,6.018,12,40,4.49,-41,25,50.6,11.798,17.66180525,4.30765E-16,1.56053E+27
12,40,3.76,190.0156667,-41,26,3.6,-40.56566667,6.0294,12,40,3.76,-41,26,3.2,11.717,17.70999568,4.37662E-16,1.52539E+27
12,40,3.04,190.0126667,-41,26,15.3,-40.56241667,5.852,12,40,3.08,-41,26,16.7,11.622,17.59126516,4.20799E-16,1.57366E+27
12,40,2.48,190.0103333,-41,26,30.6,-40.55816667,5.8461,12,40,2.48,-41,26,31.1,11.532,17.62807112,4.25979E-16,1.54248E+27
12,40,2.08,190.0086667,-41,26,43.2,-40.55466667,5.992,12,40,2.08,-41,26,43.2,11.522,17.76829513,4.46103E-16,1.47163E+27
12,40,1.36,190.0056667,-41,26,56.7,-40.55091667,6.0184,12,40,1.36,-41,26,56.7,11.684,17.71546872,4.3845E-16,1.51837E+27
12,40,16.81,190.0700417,-41,20,37,-40.65638889,5.2009,12,40,16.77,-41,20,37.4,11.988,16.81811537,3.21448E-16,2.12491E+27
12,40,16.33,190.0680417,-41,20,49.6,-40.65288889,5.4366,12,40,16.33,-41,20,49.6,11.855,17.09799625,3.55356E-16,1.90083E+27
12,40,15.85,190.0660417,-41,21,1.3,-40.64963889,5.6943,12,40,15.85,-41,21,2.6,11.781,17.37195531,3.90793E-16,1.71767E+27
12,40,15.21,190.063375,-41,21,15.7,-40.64563889,5.878,12,40,15.25,-41,21,16.1,11.713,17.57300798,4.18244E-16,1.59567E+27
12,40,14.57,190.0607083,-41,21,31,-40.64138889,6.0003,12,40,14.53,-41,21,30.5,11.647,17.71634847,4.38576E-16,1.51312E+27
12,40,13.85,190.0577083,-41,21,45.4,-40.63738889,5.905,12,40,13.89,-41,21,45.4,11.613,17.64457968,4.28317E-16,1.54484E+27
12,40,13.21,190.0550417,-41,21,58.9,-40.63363889,5.6729,12,40,13.25,-41,21,58.9,11.62,17.42503571,3.9792E-16,1.66385E+27
12,40,12.57,190.052375,-41,22,13.3,-40.62963889,5.3203,12,40,12.57,-41,22,13.7,11.644,17.0792174,3.53009E-16,1.87941E+27
12,40,12.09,190.050375,-41,22,27.7,-40.62563889,5.01,12,40,12.05,-41,22,27.2,11.665,16.7682316,3.15643E-16,2.10568E+27
12,40,11.53,190.0480417,-41,22,37.6,-40.62288889,5.0075,12,40,11.49,-41,22,37.1,11.661,16.76746131,3.15554E-16,2.10555E+27
12,40,10.97,190.0457083,-41,22,52,-40.61888889,5.2329,12,40,10.93,-41,22,51.1,11.607,17.01101098,3.44572E-16,1.91931E+27
12,40,10.33,190.0430417,-41,23,4.6,-40.61538889,5.246,12,40,10.29,-41,23,4.1,11.517,17.06338313,3.51038E-16,1.86934E+27
12,40,9.77,190.0407083,-41,23,15.4,-40.61238889,5.2044,12,40,9.73,-41,23,15.8,11.481,17.03874303,3.47986E-16,1.87985E+27
12,40,9.13,190.0380417,-41,23,31.6,-40.60788889,5.2515,12,40,9.17,-41,23,31.1,11.591,17.0360638,3.47655E-16,1.89966E+27
12,40,8.57,190.0357083,-41,23,46,-40.60388889,5.0604,12,40,8.61,-41,23,45.5,11.807,16.75792797,3.14453E-16,2.13938E+27
12,40,8.09,190.0337083,-41,23,58.6,-40.60038889,4.8305,12,40,8.05,-41,23,58.1,12.002,16.45377104,2.80678E-16,2.4364E+27
12,40,7.61,190.0317083,-41,24,7.6,-40.59788889,4.8711,12,40,7.57,-41,24,7.6,12.082,16.46197464,2.81555E-16,2.445E+27
12,40,7.05,190.029375,-41,24,22,-40.59388889,5.1074,12,40,6.97,-41,24,22.4,12.026,16.71304967,3.09305E-16,2.21533E+27
12,40,6.41,190.0267083,-41,24,33.7,-40.59063889,5.3875,12,40,6.37,-41,24,33.7,11.918,17.02459877,3.46242E-16,1.96123E+27
12,40,5.77,190.0240417,-41,24,49,-40.58638889,5.7696,12,40,5.81,-41,24,48.5,11.882,17.39634669,3.94057E-16,1.71805E+27
12,40,5.13,190.021375,-41,25,3.4,-40.58238889,6.1583,12,40,5.17,-41,25,3.8,11.939,17.72312171,4.39553E-16,1.54761E+27
12,40,4.57,190.0190417,-41,25,17.8,-40.57838889,6.3635,12,40,4.57,-41,25,17.8,11.993,17.88026214,4.62613E-16,1.47712E+27
12,40,3.93,190.016375,-41,25,31.2,-40.57466667,6.4338,12,40,3.89,-41,25,30.8,11.971,17.95247413,4.73471E-16,1.44059E+27
12,40,3.45,190.014375,-41,25,43.8,-40.57116667,6.4297,12,40,3.45,-41,25,43.4,11.878,17.9930593,4.79646E-16,1.411E+27
12,40,2.64,190.011,-41,25,57.3,-40.56741667,6.2244,12,40,2.6,-41,25,57.3,11.758,17.86730278,4.60682E-16,1.45424E+27
12,40,1.84,190.0076667,-41,26,10.8,-40.56366667,5.876,12,40,1.84,-41,26,10.8,11.637,17.60649554,4.22937E-16,1.56772E+27
12,40,1.2,190.005,-41,26,23.4,-40.56016667,5.7277,12,40,1.2,-41,26,23,11.543,17.51209502,4.09797E-16,1.60493E+27
12,40,0.56,190.0023333,-41,26,35.1,-40.55691667,5.7362,12,40,0.56,-41,26,35.6,11.536,17.5233444,4.11348E-16,1.5979E+27
12,39,59.84,189.9993333,-41,26,48.6,-40.55316667,5.7479,12,39,59.84,-41,26,48.2,11.659,17.4773073,4.05023E-16,1.64016E+27
12,40,15.13,190.0630417,-41,20,43.3,-40.65463889,5.3777,12,40,15.09,-41,20,43.7,11.92,17.01449363,3.45E-16,1.96862E+27
12,40,14.41,190.0600417,-41,20,56.8,-40.65088889,5.5201,12,40,14.41,-41,20,56.8,11.865,17.17216586,3.64728E-16,1.85354E+27
12,40,13.69,190.0570417,-41,21,12.1,-40.64663889,5.5745,12,40,13.73,-41,21,11.6,11.824,17.2410828,3.73584E-16,1.80335E+27
12,40,13.13,190.0547083,-41,21,25.6,-40.64288889,5.6075,12,40,13.17,-41,21,25.1,11.788,17.28789244,3.79679E-16,1.769E+27
12,40,12.65,190.0527083,-41,21,39.1,-40.63913889,5.4043,12,40,12.61,-41,21,39.5,11.789,17.0960675,3.55115E-16,1.89153E+27
12,40,11.93,190.0497083,-41,21,53.5,-40.63513889,5.1734,12,40,11.93,-41,21,53,11.828,16.85858037,3.26209E-16,2.06595E+27
12,40,11.29,190.0470417,-41,22,7.9,-40.63113889,4.8963,12,40,11.25,-41,22,7.9,11.879,16.56774253,2.93029E-16,2.3098E+27
12,40,10.65,190.044375,-41,22,22.3,-40.62713889,5.1254,12,40,10.69,-41,22,22.3,11.922,16.77306784,3.16203E-16,2.14826E+27
12,40,10.09,190.0420417,-41,22,32.2,-40.62438889,5.1254,12,40,10.09,-41,22,32.6,11.922,16.77306784,3.16203E-16,2.14826E+27
12,40,9.53,190.0397083,-41,22,43.9,-40.62113889,5.6644,12,40,9.53,-41,22,43.4,11.839,17.31824639,3.83668E-16,1.75818E+27
12,40,8.97,190.037375,-41,22,56.5,-40.61763889,5.7114,12,40,8.93,-41,22,57.4,11.657,17.44415148,4.00508E-16,1.65836E+27
12,40,8.41,190.0350417,-41,23,8.2,-40.61438889,5.4974,12,40,8.41,-41,23,8.6,11.474,17.32556251,3.84633E-16,1.6997E+27
12,40,7.85,190.0327083,-41,23,25.3,-40.60963889,5.3198,12,40,7.89,-41,23,24.8,11.445,17.16740595,3.64122E-16,1.79091E+27
12,40,7.45,190.0310417,-41,23,37.9,-40.60613889,5.0844,12,40,7.45,-41,23,37.9,11.587,16.87471478,3.28121E-16,2.01206E+27
12,40,6.89,190.0287083,-41,23,51.4,-40.60238889,4.9509,12,40,6.89,-41,23,50.9,11.776,16.66363455,3.03703E-16,2.20929E+27
12,40,6.33,190.026375,-41,24,2.2,-40.59938889,4.8564,12,40,6.29,-41,24,2.6,11.882,16.52722259,2.88597E-16,2.34586E+27
12,40,5.69,190.0237083,-41,24,17.5,-40.59513889,4.8434,12,40,5.73,-41,24,17.5,11.839,16.53175243,2.8909E-16,2.33339E+27
12,40,5.13,190.021375,-41,24,31.9,-40.59113889,4.9623,12,40,5.13,-41,24,31.4,11.71,16.70230825,3.08081E-16,2.16569E+27
12,40,4.57,190.0190417,-41,24,45.4,-40.58738889,5.3965,12,40,4.53,-41,24,44.9,11.672,17.13991715,3.60633E-16,1.8441E+27
12,40,3.93,190.016375,-41,24,57.9,-40.58391667,6.0541,12,40,3.97,-41,24,57.9,11.786,17.70018801,4.36252E-16,1.53934E+27
12,40,3.21,190.013375,-41,25,12.3,-40.57991667,6.4036,12,40,3.21,-41,25,12.3,11.932,17.94432545,4.72237E-16,1.43965E+27
12,40,2.73,190.011375,-41,25,24,-40.57666667,6.5389,12,40,2.73,-41,25,24,11.982,18.039318,4.86749E-16,1.40258E+27
12,40,1.93,190.0080417,-41,25,38.4,-40.57266667,6.6026,12,40,1.97,-41,25,38.4,11.91,18.12952309,5.00795E-16,1.35505E+27
12,40,1.36,190.0056667,-41,25,51.9,-40.56891667,6.3676,12,40,1.32,-41,25,51.9,11.773,17.98836857,4.7893E-16,1.40062E+27
12,40,0.64,190.0026667,-41,26,4.5,-40.56541667,6.0086,12,40,0.68,-41,26,5,11.636,17.72917243,4.40427E-16,1.50534E+27
12,40,0.08,190.0003333,-41,26,18,-40.56166667,5.8054,12,40,0.12,-41,26,18,11.541,17.58583229,4.20037E-16,1.56552E+27
12,39,59.6,189.9983333,-41,26,29.7,-40.55841667,5.6103,12,39,59.56,-41,26,30.2,11.532,17.40644195,3.95414E-16,1.66172E+27
12,39,58.8,189.995,-41,26,44.1,-40.55441667,5.4899,12,39,58.8,-41,26,43.7,11.659,17.23462052,3.72747E-16,1.78218E+27
12,39,58.32,189.993,-41,26,55.8,-40.55116667,5.475,12,39,58.28,-41,26,56.2,11.929,17.10218094,3.55881E-16,1.90987E+27
12,40,7.93,190.0330417,-41,22,51.1,-40.61913889,6.0862,12,40,7.93,-41,22,51.1,11.77,17.73679643,4.41529E-16,1.51887E+27
12,40,7.37,190.0307083,-41,23,5.5,-40.61513889,5.8153,12,40,7.37,-41,23,4.6,11.502,17.6134859,4.23921E-16,1.54594E+27
12,40,6.73,190.0280417,-41,23,19,-40.61138889,5.4699,12,40,6.77,-41,23,18.5,11.391,17.33739389,3.86198E-16,1.68057E+27
12,40,6.09,190.025375,-41,23,33.4,-40.60738889,5.1422,12,40,6.09,-41,23,33.8,11.505,16.96716994,3.39221E-16,1.93245E+27
12,40,5.61,190.023375,-41,23,45.1,-40.60413889,5.175,12,40,5.61,-41,23,44.6,11.72,16.90599242,3.31848E-16,2.0123E+27
12,40,5.13,190.021375,-41,23,57.7,-40.60063889,4.9906,12,40,5.09,-41,23,57.7,11.855,16.6699729,3.04418E-16,2.21889E+27
12,40,4.41,190.018375,-41,24,12.1,-40.59663889,4.5822,12,40,4.41,-41,24,12.1,11.798,16.28627773,2.6318E-16,2.55423E+27
12,40,3.77,190.0157083,-41,24,25.5,-40.59291667,4.3876,12,40,3.81,-41,24,25.1,11.604,16.16243827,2.50733E-16,2.63694E+27
12,40,3.21,190.013375,-41,24,39.9,-40.58891667,4.5796,12,40,3.21,-41,24,39.9,11.498,16.40434315,2.75434E-16,2.37853E+27
12,40,2.49,190.010375,-41,24,53.4,-40.58516667,5.1159,12,40,2.53,-41,24,53.9,11.592,16.9034635,3.31546E-16,1.99214E+27
12,40,1.93,190.0080417,-41,25,8.7,-40.58091667,5.5469,12,40,1.89,-41,25,9.2,11.784,17.2328745,3.72521E-16,1.80238E+27
12,40,1.61,190.0067083,-41,25,20.4,-40.57766667,5.7879,12,40,1.57,-41,25,20.4,11.907,17.4020028,3.94817E-16,1.71835E+27
12,40,0.89,190.0037083,-41,25,33,-40.57416667,6.0133,12,40,0.85,-41,25,33,11.876,17.62155943,4.2506E-16,1.59193E+27
12,40,0.32,190.0013333,-41,25,46.5,-40.57041667,5.9806,12,40,0.32,-41,25,46.5,11.74,17.65466161,4.29748E-16,1.55653E+27
12,39,59.76,189.999,-41,25,59.1,-40.56691667,5.8684,12,39,59.72,-41,25,59.1,11.594,17.61959943,4.24783E-16,1.55514E+27
12,39,59.04,189.996,-41,26,11.7,-40.56341667,5.8612,12,39,59.04,-41,26,11.7,11.501,17.65685621,4.3006E-16,1.52374E+27
12,39,58.48,189.9936667,-41,26,22.5,-40.56041667,5.6986,12,39,58.52,-41,26,23,11.488,17.5103878,4.09561E-16,1.5982E+27
12,39,57.76,189.9906667,-41,26,38.7,-40.55591667,5.4713,12,39,57.76,-41,26,38.7,11.58,17.25238335,3.75049E-16,1.75924E+27
12,39,57.12,189.988,-41,26,49.5,-40.55291667,5.4532,12,39,57.08,-41,26,50.4,11.775,17.14850885,3.61721E-16,1.85478E+27
12,40,6.97,190.0290417,-41,22,44.8,-40.62088889,5.9042,12,40,6.97,-41,22,45.2,11.811,17.5519876,4.15316E-16,1.62036E+27
12,40,6.33,190.026375,-41,22,56.5,-40.61763889,5.6287,12,40,6.33,-41,22,56.5,11.518,17.4303364,3.98637E-16,1.64628E+27
12,40,5.69,190.0237083,-41,23,10,-40.61388889,5.3437,12,40,5.69,-41,23,10,11.359,17.22980833,3.72125E-16,1.73922E+27
12,40,4.97,190.0207083,-41,23,24.4,-40.60988889,5.0244,12,40,5.01,-41,23,24.4,11.429,16.88400598,3.29225E-16,1.97797E+27
12,40,4.41,190.018375,-41,23,37.9,-40.60613889,4.868,12,40,4.41,-41,23,37.9,11.624,16.64468366,3.01573E-16,2.19618E+27
12,40,3.85,190.0160417,-41,23,50.4,-40.60266667,4.7255,12,40,3.85,-41,23,50.4,11.758,16.44694793,2.79951E-16,2.39308E+27
12,40,3.29,190.0137083,-41,24,5.7,-40.59841667,4.4498,12,40,3.25,-41,24,6.2,11.71,16.18530921,2.53001E-16,2.63718E+27
12,40,2.81,190.0117083,-41,24,18.3,-40.59491667,4.3201,12,40,2.85,-41,24,18.3,11.522,16.1239778,2.46952E-16,2.6584E+27
12,40,2.09,190.0087083,-41,24,31.8,-40.59116667,4.3592,12,40,2.09,-41,24,31.4,11.39,16.21817558,2.56284E-16,2.53225E+27
12,40,1.37,190.0057083,-41,24,42.6,-40.58816667,4.4686,12,40,1.37,-41,24,42.6,11.45,16.30881368,2.6549E-16,2.45732E+27
12,40,0.73,190.0030417,-41,24,57,-40.58416667,4.7176,12,40,0.69,-41,24,57,11.65,16.48287727,2.83798E-16,2.33895E+27
12,40,0.01,190.0000417,-41,25,9.6,-40.58066667,5.1359,12,40,0.01,-41,25,10.1,11.822,16.82490328,3.22243E-16,2.09031E+27
12,39,59.37,189.997375,-41,25,23.1,-40.57691667,5.6853,12,39,59.41,-41,25,23.6,11.821,17.34567459,3.87295E-16,1.73907E+27
12,39,58.97,189.9957083,-41,25,36.6,-40.57316667,6.0378,12,39,58.97,-41,25,37.1,11.667,17.74124255,4.42173E-16,1.50339E+27
12,39,58.4,189.9933333,-41,25,52.8,-40.56866667,6.0586,12,39,58.4,-41,25,52.8,11.495,17.84282429,4.57049E-16,1.43302E+27
12,39,57.84,189.991,-41,26,6.3,-40.56491667,6.0708,12,39,57.8,-41,26,6.7,11.4,17.90059845,4.65654E-16,1.39491E+27
12,39,57.28,189.9886667,-41,26,18,-40.56166667,6.0078,12,39,57.28,-41,26,18.4,11.4,17.84214668,4.56948E-16,1.42149E+27
12,39,56.72,189.9863333,-41,26,32.4,-40.55766667,5.7863,12,39,56.72,-41,26,32.4,11.497,17.5886775,4.20436E-16,1.55808E+27
12,39,56.24,189.9843333,-41,26,45,-40.55416667,5.7375,12,39,56.24,-41,26,44.5,11.69,17.45340535,4.01765E-16,1.65786E+27
12,39,55.6,189.9816667,-41,26,57.6,-40.55066667,5.636,12,39,55.6,-41,26,57.6,11.928,17.25264048,3.75083E-16,1.81195E+27
12,40,5.62,190.0234167,-41,22,37.6,-40.62288889,5.6315,12,40,5.7,-41,22,37.6,11.886,17.2669009,3.76938E-16,1.79668E+27
12,40,5.14,190.0214167,-41,22,50.2,-40.61938889,5.291,12,40,5.14,-41,22,49.3,11.612,17.06505128,3.51246E-16,1.88365E+27
12,40,4.58,190.0190833,-41,23,3.7,-40.61563889,5.0242,12,40,4.54,-41,23,3.7,11.404,16.8947655,3.30507E-16,1.96599E+27
12,40,4.01,190.0167083,-41,23,15.4,-40.61238889,4.856,12,40,4.01,-41,23,15.8,11.364,16.74321779,3.12759E-16,2.07026E+27
12,40,3.29,190.0137083,-41,23,30.6,-40.60816667,4.4978,12,40,3.25,-41,23,30.6,11.445,16.34130889,2.68844E-16,2.4256E+27
12,40,2.65,190.0110417,-41,23,44.1,-40.60441667,4.4968,12,40,2.61,-41,23,44.6,11.532,16.3048708,2.65084E-16,2.47871E+27
12,40,1.93,190.0080417,-41,23,57.6,-40.60066667,4.6807,12,40,1.93,-41,23,57.6,11.53,16.49480822,2.85084E-16,2.30442E+27
12,40,1.37,190.0057083,-41,24,11.1,-40.59691667,4.7308,12,40,1.33,-41,24,10.7,11.447,16.58055693,2.94441E-16,2.21513E+27
12,40,0.81,190.003375,-41,24,22.8,-40.59366667,4.7191,12,40,0.81,-41,24,22.4,11.394,16.59100336,2.95595E-16,2.19626E+27
12,40,0.09,190.000375,-41,24,39,-40.58916667,4.5902,12,40,0.09,-41,24,38.1,11.472,16.42597424,2.77721E-16,2.35361E+27
12,39,59.77,189.9990417,-41,24,48.9,-40.58641667,4.6087,12,39,59.73,-41,24,48.9,11.681,16.35982012,2.70768E-16,2.45803E+27
12,39,59.05,189.9960417,-41,25,3.3,-40.58241667,5.1303,12,39,59.05,-41,25,3.8,11.868,16.800235,3.19359E-16,2.1174E+27
12,39,58.09,189.9920417,-41,25,19.5,-40.57791667,5.9028,12,39,58.13,-41,25,19,11.855,17.53063466,4.12356E-16,1.63808E+27
12,39,57.77,189.9907083,-41,25,31.2,-40.57466667,6.382,12,39,57.65,-41,25,31.2,11.648,18.06208939,4.9027E-16,1.35369E+27
12,39,57.28,189.9886667,-41,25,42.9,-40.57141667,6.3625,12,39,57.28,-41,25,42.9,11.421,18.15772081,5.0524E-16,1.28799E+27
12,39,56.64,189.986,-41,25,58.2,-40.56716667,6.2311,12,39,56.64,-41,25,57.7,11.311,18.09322234,4.95111E-16,1.30168E+27
12,39,56,189.9833333,-41,26,10.8,-40.56366667,6.1544,12,39,56.08,-41,26,10.8,11.335,18.01029736,4.82285E-16,1.33913E+27
12,39,55.36,189.9806667,-41,26,24.3,-40.55991667,6.1181,12,39,55.4,-41,26,24.3,11.478,17.90589779,4.66449E-16,1.40206E+27
12,39,54.72,189.978,-41,26,39.6,-40.55566667,6.1421,12,39,54.76,-41,26,39.6,11.729,17.80679168,4.51735E-16,1.47939E+27
12,40,3.94,190.0164167,-41,22,43.8,-40.62116667,5.3927,12,40,3.94,-41,22,42.5,11.873,17.04877433,3.49226E-16,1.93713E+27
12,40,3.22,190.0134167,-41,22,56.4,-40.61766667,5.0947,12,40,3.22,-41,22,56.4,11.626,16.86804097,3.27329E-16,2.02372E+27
12,40,2.5,190.0104167,-41,23,9.9,-40.61391667,4.8646,12,40,2.5,-41,23,10.4,11.46,16.71061099,3.09027E-16,2.11297E+27
12,40,1.93,190.0080417,-41,23,25.2,-40.60966667,4.5854,12,40,1.93,-41,23,24.8,11.37,16.46338201,2.81706E-16,2.29969E+27
12,40,1.45,190.0060417,-41,23,38.7,-40.60591667,4.6699,12,40,1.45,-41,23,38.3,11.342,16.56253043,2.92456E-16,2.2097E+27
12,40,0.81,190.003375,-41,23,53.1,-40.60191667,4.8859,12,40,0.81,-41,23,52.7,11.348,16.78041961,3.17055E-16,2.03934E+27
12,40,0.09,190.000375,-41,24,4.8,-40.59866667,4.9946,12,40,0.13,-41,24,4.8,11.364,16.8827798,3.29079E-16,1.96759E+27
12,39,59.61,189.998375,-41,24,16.5,-40.59541667,5.1031,12,39,59.61,-41,24,17,11.415,16.96828437,3.39357E-16,1.91657E+27
12,39,58.97,189.9957083,-41,24,31.8,-40.59116667,5.0597,12,39,58.97,-41,24,31.4,11.541,16.87025993,3.27592E-16,2.00731E+27
12,39,58.33,189.9930417,-41,24,45.3,-40.58741667,5.0754,12,39,58.37,-41,24,45.3,11.741,16.80023458,3.19359E-16,2.09474E+27
12,39,58.01,189.9917083,-41,24,56.1,-40.58441667,5.3585,12,39,58.01,-41,24,56.1,11.902,17.00400988,3.43714E-16,1.973E+27
12,39,57.45,189.989375,-41,25,10.5,-40.58041667,5.7168,12,39,57.49,-41,25,10,11.866,17.35478872,3.88506E-16,1.74025E+27
12,39,56.81,189.9867083,-41,25,23.1,-40.57691667,5.9673,12,39,56.81,-41,25,23.1,11.645,17.68697521,4.34358E-16,1.52755E+27
12,39,56,189.9833333,-41,25,39.3,-40.57241667,5.9673,12,39,56,-41,25,39.3,11.42,17.79470663,4.49962E-16,1.44609E+27
12,39,55.6,189.9816667,-41,25,50.1,-40.56941667,5.8995,12,39,55.6,-41,25,50.1,11.322,17.7791183,4.47681E-16,1.44098E+27
12,39,55.12,189.9796667,-41,26,1.8,-40.56616667,5.9948,12,39,55.12,-41,26,1.8,11.356,17.85165129,4.58357E-16,1.41165E+27
12,39,54.32,189.9763333,-41,26,18,-40.56166667,6.177,12,39,54.32,-41,26,18,11.506,17.94617635,4.72517E-16,1.38743E+27
12,39,53.76,189.974,-41,26,33.2,-40.55744444,6.3145,12,39,53.8,-41,26,33.2,11.77,17.94239473,4.71945E-16,1.42098E+27
12,40,1.46,190.0060833,-41,23,3.6,-40.61566667,4.9983,12,40,1.46,-41,23,3.2,11.778,16.70935051,3.08883E-16,2.17261E+27
12,40,1.06,190.0044167,-41,23,15.3,-40.61241667,4.8483,12,40,1.02,-41,23,15.3,11.539,16.66066204,3.03368E-16,2.16722E+27
12,40,0.17,190.0007083,-41,23,30.6,-40.60816667,4.947,12,40,0.21,-41,23,30.6,11.364,16.83503051,3.23433E-16,2.00194E+27
12,39,59.69,189.9987083,-41,23,44.1,-40.60441667,5.0582,12,39,59.73,-41,23,45.5,11.303,16.97345134,3.39985E-16,1.89426E+27
12,39,59.05,189.9960417,-41,23,57.6,-40.60066667,5.2006,12,39,59.05,-41,23,57.6,11.331,17.10224152,3.55888E-16,1.81409E+27
12,39,58.41,189.993375,-41,24,11.1,-40.59691667,5.3441,12,39,58.41,-41,24,11.1,11.41,17.20689716,3.69173E-16,1.761E+27
12,39,57.93,189.991375,-41,24,26.4,-40.59266667,5.269,12,39,57.89,-41,24,25.9,11.505,17.09109938,3.54493E-16,1.8492E+27
12,39,57.21,189.988375,-41,24,40.8,-40.58866667,5.2866,12,39,57.25,-41,24,40.3,11.601,17.06564292,3.51319E-16,1.88147E+27
12,39,56.57,189.9857083,-41,24,52.5,-40.58541667,5.4821,12,39,56.57,-41,24,52,11.665,17.22453623,3.71444E-16,1.78935E+27
12,39,56.01,189.983375,-41,25,4.2,-40.58216667,5.5178,12,39,56.01,-41,25,4.2,11.638,17.27050568,3.77408E-16,1.757E+27
12,39,55.37,189.9807083,-41,25,19.5,-40.57791667,5.5262,12,39,55.37,-41,25,19.5,11.539,17.32333081,3.84338E-16,1.71064E+27
12,39,54.72,189.978,-41,25,31.2,-40.57466667,5.6286,12,39,54.76,-41,25,31.6,11.456,17.45905782,4.02534E-16,1.62157E+27
12,39,54.24,189.976,-41,25,44.7,-40.57091667,5.8438,12,39,54.24,-41,25,45.1,11.437,17.67112787,4.32093E-16,1.50813E+27
12,39,53.76,189.974,-41,25,57.2,-40.56744444,6.0814,12,39,53.76,-41,25,57.7,11.469,17.87651508,4.62054E-16,1.41429E+27
12,39,53.2,189.9716667,-41,26,10.7,-40.56369444,6.2071,12,39,53.2,-41,26,10.7,11.554,17.95012123,4.73115E-16,1.39146E+27
12,39,52.48,189.9686667,-41,26,25.1,-40.55969444,6.2316,12,39,52.48,-41,26,25.1,11.734,17.88523923,4.63356E-16,1.4429E+27
12,39,59.14,189.9964167,-41,23,23.4,-40.61016667,5.2561,12,39,59.14,-41,23,23,11.687,16.99860709,3.43053E-16,1.9411E+27
12,39,58.41,189.993375,-41,23,36.9,-40.60641667,5.2683,12,39,58.45,-41,23,38.3,11.542,17.07398124,3.52357E-16,1.86639E+27
12,39,57.77,189.9907083,-41,23,53.1,-40.60191667,5.3931,12,39,57.81,-41,23,53.1,11.546,17.19277142,3.67361E-16,1.79078E+27
12,39,57.13,189.9880417,-41,24,6.6,-40.59816667,5.5123,12,39,57.17,-41,24,6.6,11.605,17.28015146,3.78667E-16,1.74619E+27
12,39,56.57,189.9857083,-41,24,21,-40.59416667,5.3998,12,39,56.61,-41,24,20.5,11.6,17.17503101,3.65094E-16,1.81033E+27
12,39,56.01,189.983375,-41,24,32.7,-40.59091667,5.4057,12,39,56.01,-41,24,32.2,11.496,17.22744876,3.7182E-16,1.76164E+27
12,39,55.53,189.981375,-41,24,46.2,-40.58716667,5.6349,12,39,55.57,-41,24,45.7,11.389,17.49648776,4.0765E-16,1.59185E+27
12,39,55.05,189.979375,-41,24,57,-40.58416667,5.6959,12,39,55.01,-41,24,57.4,11.369,17.56401391,4.1699E-16,1.55346E+27
12,39,54.33,189.976375,-41,25,8.7,-40.58091667,5.7426,12,39,54.33,-41,25,10,11.461,17.56458674,4.1707E-16,1.56574E+27
12,39,53.68,189.9736667,-41,25,25.7,-40.57619444,6.0659,12,39,53.64,-41,25,25.3,11.598,17.7998295,4.50713E-16,1.46618E+27
12,39,53.2,189.9716667,-41,25,38.3,-40.57269444,6.5256,12,39,53.16,-41,25,38.3,11.69,18.16947921,5.07101E-16,1.31348E+27
12,39,52.56,189.969,-41,25,50.9,-40.56919444,6.6372,12,39,52.52,-41,25,51.4,11.724,18.25123719,5.20163E-16,1.28422E+27
12,39,51.92,189.9663333,-41,26,4.4,-40.56544444,6.3514,12,39,51.92,-41,26,4.4,11.735,17.99226132,4.79524E-16,1.39437E+27
12,39,51.44,189.9643333,-41,26,18.8,-40.56144444,6,12,39,51.4,-41,26,18.8,11.792,17.64820631,4.28831E-16,1.56677E+27
12,39,50.8,189.9616667,-41,26,29.6,-40.55844444,5.8853,12,39,50.76,-41,26,29.6,11.969,17.46328678,4.0311E-16,1.69176E+27
12,39,55.69,189.9820417,-41,24,13.8,-40.59616667,5.5645,12,39,55.65,-41,24,13.8,11.996,17.15681868,3.62776E-16,1.8841E+27
12,39,55.05,189.979375,-41,24,21,-40.59416667,5.4983,12,39,55.05,-41,24,21,11.651,17.24617246,3.74243E-16,1.77384E+27
12,39,54.57,189.977375,-41,24,33.6,-40.59066667,5.6707,12,39,54.53,-41,24,33.1,11.323,17.56195886,4.16703E-16,1.54824E+27
12,39,53.77,189.9740417,-41,24,52.4,-40.58544444,5.7789,12,39,53.77,-41,24,52,11.24,17.70519759,4.36972E-16,1.46561E+27
12,39,53.37,189.972375,-41,25,1.4,-40.58294444,5.9136,12,39,53.37,-41,25,1.9,11.459,17.72581642,4.39942E-16,1.48408E+27
12,39,52.41,189.968375,-41,25,19.4,-40.57794444,6.2604,12,39,52.45,-41,25,19.9,11.79,17.88439666,4.6323E-16,1.45018E+27
12,39,51.92,189.9663333,-41,25,31.1,-40.57469444,6.5567,12,39,51.92,-41,25,30.7,12.011,18.04103716,4.87014E-16,1.40521E+27
12,39,51.52,189.9646667,-41,25,42.8,-40.57144444,6.606,12,39,51.48,-41,25,42.8,12.085,18.04874221,4.88204E-16,1.41042E+27
12,39,50.96,189.9623333,-41,25,55.4,-40.56794444,6.3484,12,39,50.92,-41,25,55.4,12.054,17.83857855,4.5642E-16,1.50477E+27
12,39,50.24,189.9593333,-41,26,11.6,-40.56344444,5.9617,12,39,50.24,-41,26,11.6,11.979,17.52806572,4.12E-16,1.65664E+27
12,39,49.68,189.957,-41,26,22.4,-40.56044444,5.7768,12,39,49.68,-41,26,22.4,12.008,17.34710262,3.87485E-16,1.76571E+27
12,39,53.61,189.973375,-41,24,20,-40.59444444,5.7321,12,39,53.57,-41,24,19.6,11.771,17.41157114,3.96104E-16,1.6932E+27
12,39,52.97,189.9707083,-41,24,29.9,-40.59169444,5.8235,12,39,52.97,-41,24,29.9,11.305,17.71577316,4.38494E-16,1.46897E+27
12,39,52.49,189.9687083,-41,24,43.4,-40.58794444,5.6409,12,39,52.49,-41,24,43.4,11.09,17.64635792,4.28569E-16,1.4744E+27
12,39,51.85,189.9660417,-41,24,57.8,-40.58394444,5.5553,12,39,51.81,-41,24,57.4,11.224,17.49845719,4.07921E-16,1.56775E+27
12,39,51.21,189.963375,-41,25,11.3,-40.58019444,5.7722,12,39,51.21,-41,25,11.3,11.581,17.5360839,4.1311E-16,1.59729E+27
12,39,50.72,189.9613333,-41,25,23,-40.57694444,6.0353,12,39,50.72,-41,25,23.5,11.919,17.62176466,4.25089E-16,1.59759E+27
12,39,50.24,189.9593333,-41,25,36.5,-40.57319444,6.168,12,39,50.28,-41,25,36.5,12.1,17.6582172,4.30254E-16,1.60238E+27
12,39,49.68,189.957,-41,25,48.2,-40.56994444,6.1392,12,39,49.72,-41,25,48.6,12.078,17.64258376,4.28034E-16,1.60776E+27
12,39,49.04,189.9543333,-41,26,2.6,-40.56594444,6.023,12,39,49,-41,26,2.1,11.891,17.62346381,4.25329E-16,1.59294E+27
12,39,48.4,189.9516667,-41,26,14.3,-40.56269444,5.9262,12,39,48.4,-41,26,14.3,11.778,17.58728218,4.20241E-16,1.5969E+27
12,39,52.49,189.9687083,-41,24,11,-40.59694444,6.0714,12,39,52.49,-41,24,11.5,11.623,17.79290117,4.49697E-16,1.47266E+27
12,39,51.85,189.9660417,-41,24,23.6,-40.59344444,6.0971,12,39,51.89,-41,24,23.2,11.219,18.01560546,4.83099E-16,1.32319E+27
12,39,51.29,189.9637083,-41,24,36.2,-40.58994444,5.9571,12,39,51.29,-41,24,35.8,10.982,18.00491685,4.8146E-16,1.29965E+27
12,39,50.65,189.9610417,-41,24,49.7,-40.58619444,5.7563,12,39,50.65,-41,24,50.2,10.995,17.80541213,4.51532E-16,1.38743E+27
12,39,50.01,189.958375,-41,25,4.1,-40.58219444,5.6926,12,39,50.01,-41,25,4.1,11.203,17.64081827,4.27783E-16,1.49216E+27
12,39,49.52,189.9563333,-41,25,16.7,-40.57869444,5.8389,12,39,49.52,-41,25,17.1,11.492,17.64030397,4.27711E-16,1.53091E+27
12,39,48.96,189.954,-41,25,29.3,-40.57519444,6.0114,12,39,48.96,-41,25,29.3,11.725,17.68981139,4.34764E-16,1.53661E+27
12,39,48.32,189.9513333,-41,25,41.9,-40.57169444,6.0392,12,39,48.36,-41,25,41.9,11.761,17.69831523,4.35983E-16,1.53702E+27
12,39,47.84,189.9493333,-41,25,54.5,-40.56819444,5.9646,12,39,47.84,-41,25,54.5,11.596,17.70765775,4.37326E-16,1.5108E+27
12,39,47.36,189.9473333,-41,26,8.9,-40.56419444,5.8667,12,39,47.36,-41,26,8.9,11.495,17.66484408,4.31197E-16,1.51893E+27
12,39,46.64,189.9443333,-41,26,23.2,-40.56022222,6.0457,12,39,46.68,-41,26,23.7,11.787,17.69209384,4.35091E-16,1.54357E+27
12,39,51.85,189.9660417,-41,23,50.3,-40.60269444,6.2373,12,39,51.85,-41,23,50.3,11.723,17.89563953,4.64911E-16,1.43672E+27
12,39,51.45,189.964375,-41,24,3.8,-40.59894444,6.1458,12,39,51.41,-41,24,3.8,11.444,17.94809351,4.72808E-16,1.37911E+27
12,39,50.73,189.961375,-41,24,19.1,-40.59469444,6.1405,12,39,50.77,-41,24,19.1,11.175,18.07858808,4.92832E-16,1.29197E+27
12,39,50.33,189.9597083,-41,24,30.8,-40.59144444,6.1689,12,39,50.33,-41,24,30.8,11.015,18.18839989,5.10104E-16,1.23035E+27
12,39,49.69,189.9570417,-41,24,45.2,-40.58744444,5.9911,12,39,49.65,-41,24,44.7,11.029,18.01300016,4.82699E-16,1.30186E+27
12,39,49.05,189.954375,-41,24,59.6,-40.58344444,5.6784,12,39,49.05,-41,24,59.1,11.165,17.64573402,4.2848E-16,1.48468E+27
12,39,48.57,189.952375,-41,25,11.3,-40.58019444,5.7035,12,39,48.57,-41,25,11.7,11.353,17.57886522,4.19063E-16,1.5436E+27
12,39,48,189.95,-41,25,23.9,-40.57669444,5.9199,12,39,48,-41,25,23.4,11.531,17.6972048,4.35824E-16,1.50751E+27
12,39,47.44,189.9476667,-41,25,35.6,-40.57344444,6.0225,12,39,47.44,-41,25,35.6,11.589,17.76430303,4.45521E-16,1.48212E+27
12,39,46.8,189.945,-41,25,49.9,-40.56947222,5.9622,12,39,46.76,-41,25,49.9,11.507,17.74791907,4.4314E-16,1.47953E+27
12,39,46,189.9416667,-41,26,2.5,-40.56597222,5.8385,12,39,46.04,-41,26,2.1,11.508,17.632338,4.26583E-16,1.5371E+27
12,39,45.44,189.9393333,-41,26,16.9,-40.56197222,5.9974,12,39,45.44,-41,26,16.9,11.871,17.60943826,4.23351E-16,1.59768E+27
12,39,51.3,189.96375,-41,23,29.6,-40.60844444,6.1229,12,39,51.3,-41,23,29.6,11.744,17.78229926,4.48146E-16,1.49314E+27
12,39,50.66,189.9610833,-41,23,44,-40.60444444,6.0783,12,39,50.66,-41,23,43.6,11.552,17.83333352,4.55645E-16,1.44456E+27
12,39,50.09,189.9587083,-41,23,55.7,-40.60119444,5.9982,12,39,50.09,-41,23,55.7,11.401,17.83273031,4.55556E-16,1.42595E+27
12,39,49.37,189.9557083,-41,24,11,-40.59694444,5.9391,12,39,49.41,-41,24,10.5,11.248,17.85288743,4.5854E-16,1.39766E+27
12,39,48.89,189.9537083,-41,24,24.5,-40.59319444,5.7973,12,39,48.85,-41,24,24.5,11.17,17.75718946,4.44487E-16,1.43185E+27
12,39,48.25,189.9510417,-41,24,39.8,-40.58894444,5.5509,12,39,48.25,-41,24,39.8,11.23,17.49133283,4.06943E-16,1.57235E+27
12,39,47.69,189.9487083,-41,24,51.5,-40.58569444,5.3449,12,39,47.73,-41,24,51,11.367,17.22731136,3.71803E-16,1.74196E+27
12,39,47.05,189.9460417,-41,25,5.8,-40.58172222,5.3316,12,39,47.05,-41,25,6.3,11.514,17.1478059,3.61632E-16,1.81411E+27
12,39,46.56,189.944,-41,25,20.2,-40.57772222,5.585,12,39,46.52,-41,25,20.2,11.653,17.32729595,3.84862E-16,1.72519E+27
12,39,45.84,189.941,-41,25,34.6,-40.57372222,5.995,12,39,45.84,-41,25,34.2,11.725,17.67482611,4.32621E-16,1.54422E+27
12,39,45.2,189.9383333,-41,25,46.3,-40.57047222,6.3456,12,39,45.2,-41,25,46.3,11.718,17.99530656,4.7999E-16,1.391E+27
12,39,44.72,189.9363333,-41,25,58.9,-40.56697222,6.458,12,39,44.72,-41,25,59.4,11.811,18.05031432,4.88447E-16,1.37776E+27
12,39,50.82,189.96175,-41,23,8.9,-40.61419444,5.7154,12,39,50.78,-41,23,8.9,11.858,17.3570585,3.88808E-16,1.73773E+27
12,39,50.1,189.95875,-41,23,23.3,-40.61019444,5.7489,12,39,50.14,-41,23,23.3,11.635,17.48929035,4.06663E-16,1.63018E+27
12,39,49.54,189.9564167,-41,23,38.6,-40.60594444,5.7634,12,39,49.58,-41,23,38.1,11.484,17.57330913,4.18286E-16,1.56431E+27
12,39,49.22,189.9550833,-41,23,49.4,-40.60294444,5.7398,12,39,49.18,-41,23,49.4,11.398,17.59182347,4.20877E-16,1.54304E+27
12,39,48.33,189.951375,-41,24,4.7,-40.59869444,5.7666,12,39,48.33,-41,24,4.7,11.325,17.65220617,4.29399E-16,1.50273E+27
12,39,47.61,189.948375,-41,24,18.2,-40.59494444,5.6311,12,39,47.65,-41,24,17.7,11.305,17.53269776,4.12641E-16,1.561E+27
12,39,47.05,189.9460417,-41,24,32.5,-40.59097222,5.3686,12,39,47.01,-41,24,32.1,11.398,17.23617169,3.72948E-16,1.74135E+27
12,39,46.65,189.944375,-41,24,43.3,-40.58797222,5.149,12,39,46.69,-41,24,43.3,11.547,16.95544839,3.378E-16,1.94766E+27
12,39,45.77,189.9407083,-41,24,56.8,-40.58422222,4.9996,12,39,45.73,-41,24,56.8,11.7,16.74323981,3.12762E-16,2.13146E+27
12,39,45.37,189.9390417,-41,25,9.4,-40.58072222,5.3081,12,39,45.33,-41,25,9.9,11.861,16.97363197,3.40006E-16,1.98764E+27
12,39,48.98,189.9540833,-41,23,17.9,-40.61169444,5.5086,12,39,48.98,-41,23,17.4,11.784,17.19685117,3.67884E-16,1.8251E+27
12,39,48.34,189.9514167,-41,23,32.3,-40.60769444,5.7334,12,39,48.3,-41,23,32.3,11.581,17.4997724,4.08101E-16,1.6169E+27
12,39,47.78,189.9490833,-41,23,44,-40.60444444,5.9745,12,39,47.78,-41,23,44,11.465,17.779571,4.47748E-16,1.45897E+27
12,39,47.21,189.9467083,-41,24,1.1,-40.59969444,6.2684,12,39,47.17,-41,24,0.6,11.41,18.07746397,4.92657E-16,1.31961E+27
12,39,46.49,189.9437083,-41,24,14.5,-40.59597222,6.2872,12,39,46.45,-41,24,14.1,11.402,18.09867928,4.95963E-16,1.30989E+27
12,39,45.93,189.941375,-41,24,24.4,-40.59322222,6.0429,12,39,45.93,-41,24,24.4,11.473,17.83903256,4.56488E-16,1.43203E+27
12,39,45.21,189.938375,-41,24,38.8,-40.58922222,5.5652,12,39,45.17,-41,24,38.4,11.598,17.33351082,3.85684E-16,1.71339E+27
12,39,44.65,189.9360417,-41,24,50.5,-40.58597222,5.0028,12,39,44.69,-41,24,50.5,11.756,16.72292753,3.10433E-16,2.15772E+27
12,39,44.17,189.9340417,-41,25,2.2,-40.58272222,5.2169,12,39,44.17,-41,25,2.2,11.983,16.83544574,3.23481E-16,2.11067E+27
12,39,47.3,189.9470833,-41,23,26,-40.60944444,6.1328,12,39,47.3,-41,23,25.5,11.943,17.69844439,4.36002E-16,1.56074E+27
12,39,46.5,189.94375,-41,23,37.6,-40.60622222,6.4667,12,39,46.54,-41,23,37.6,11.706,18.1092442,4.97615E-16,1.34036E+27
12,39,46.1,189.9420833,-41,23,48.4,-40.60322222,6.8449,12,39,46.06,-41,23,48.4,11.588,18.50292299,5.61741E-16,1.17538E+27
12,39,45.29,189.9387083,-41,24,4.6,-40.59872222,6.9846,12,39,45.33,-41,24,4.6,11.522,18.65990064,5.88728E-16,1.11511E+27
12,39,44.65,189.9360417,-41,24,19.9,-40.59447222,6.8001,12,39,44.65,-41,24,19.9,11.5,18.50927088,5.62817E-16,1.16422E+27
12,39,44.01,189.933375,-41,24,31.6,-40.59122222,6.1847,12,39,44.05,-41,24,31.6,11.547,17.93312672,4.70546E-16,1.39821E+27
12,39,43.37,189.9307083,-41,24,46,-40.58722222,5.3842,12,39,43.37,-41,24,46.4,11.687,17.12155693,3.58316E-16,1.85841E+27
12,39,44.82,189.93675,-41,23,45.7,-40.60397222,6.7458,12,39,44.82,-41,23,46.2,11.94,18.23940386,5.18259E-16,1.31269E+27
12,39,44.18,189.9340833,-41,23,59.2,-40.60022222,6.9088,12,39,44.22,-41,23,58.7,11.848,18.42578358,5.48778E-16,1.23014E+27
12,39,43.53,189.931375,-41,24,12.7,-40.59647222,6.9056,12,39,43.53,-41,24,12.7,11.78,18.45736204,5.54061E-16,1.21141E+27
12,39,43.05,189.929375,-41,24,22.6,-40.59372222,6.5913,12,39,43.01,-41,24,22.6,11.79,18.17816958,5.08479E-16,1.32113E+27
